505.220,5.160,34.902
503.716,5.090,34.952
502.225,5.020,35.002
500.734,4.956,35.046
499.236,4.891,35.091
497.738,4.831,35.136
496.234,4.771,35.181
494.730,4.711,35.231
493.239,4.652,35.281
491.747,4.592,35.325
490.249,4.532,35.370
488.751,4.472,35.415
487.247,4.412,35.460
485.743,4.353,35.510
484.251,4.293,35.560
482.760,4.233,35.605
481.256,4.173,35.650
479.752,4.113,35.699
478.260,4.054,35.749
476.768,3.994,35.794
475.271,3.934,35.839
473.773,3.874,35.884
472.269,3.814,35.929
470.765,3.755,35.978
469.267,3.695,36.028
467.769,3.635,36.078
466.271,3.575,36.128
464.774,3.515,36.178
463.270,3.456,36.228
461.766,3.396,36.282
460.257,3.336,36.338
458.747,3.276,36.402
457.249,3.216,36.467
455.751,3.157,36.531
454.254,3.097,36.596
452.757,3.037,36.661
451.260,2.977,36.726
449.762,2.917,36.790
448.260,2.858,36.856
446.757,2.798,36.925
445.264,2.738,36.994
443.773,2.678,37.060
442.272,2.618,37.125
440.768,2.559,37.194
439.276,2.499,37.264
437.786,2.439,37.329
436.284,2.379,37.394
434.780,2.319,37.463
433.288,2.260,37.533
431.797,2.200,37.598
430.296,2.140,37.663
428.793,2.080,37.732
427.300,2.020,37.802
425.809,1.961,37.867
424.313,1.901,37.932
422.815,1.841,37.996
421.313,1.781,38.062
419.810,1.722,38.131
418.317,1.662,38.200
416.826,1.602,38.266
415.330,1.542,38.330
413.833,1.482,38.395
412.331,1.422,38.460
410.828,1.363,38.529
409.334,1.303,38.599
407.843,1.243,38.664
406.347,1.183,38.729
404.850,1.124,38.794
403.348,1.064,38.859
401.845,1.004,38.928
400.351,0.944,38.997
398.860,0.884,39.063
397.365,0.824,39.128
395.868,0.765,39.193
394.366,0.705,39.258
392.863,0.645,39.326
391.369,0.586,39.396
389.878,0.526,39.462
388.382,0.466,39.526
386.885,0.410,39.591
385.397,0.355,39.655
383.911,0.304,39.712
382.435,0.254,39.767
380.962,0.211,39.806
379.493,0.171,39.841
378.025,0.138,39.857
376.544,0.109,39.867
375.057,0.089,39.870
373.570,0.074,39.870
372.083,0.063,39.863
370.591,0.053,39.853
369.098,0.046,39.840
367.595,0.042,39.825
366.089,0.037,39.813
364.592,0.032,39.803
363.099,0.030,39.790
361.597,0.030,39.775
360.091,0.030,39.763
358.589,0.030,39.753
357.089,0.027,39.743
355.594,0.022,39.733
354.100,0.020,39.720
352.599,0.020,39.705
351.093,0.020,39.693
349.591,0.020,39.683
348.091,0.020,39.673
346.595,0.020,39.663
345.102,0.017,39.650
343.600,0.012,39.635
342.094,0.007,39.624
340.597,0.002,39.614
339.103,0.000,39.600
337.602,0.000,39.586
336.096,0.000,39.574
334.594,0.000,39.564
333.094,0.000,39.554
331.594,0.000,39.544
330.094,0.000,39.534
328.599,0.000,39.524
327.105,0.000,39.511
325.604,0.000,39.496
324.098,0.000,39.484
322.596,0.000,39.474
321.096,0.000,39.464
319.600,0.000,39.454
318.107,0.000,39.441
316.606,0.000,39.426
315.100,0.000,39.414
313.601,0.000,39.404
312.108,0.000,39.391
310.607,0.000,39.376
309.101,0.000,39.364
307.599,0.000,39.354
306.099,0.000,39.344
304.599,0.000,39.334
303.100,0.000,39.324
301.604,0.000,39.314
300.110,0.000,39.301
298.609,0.000,39.286
297.103,0.003,39.274
295.605,0.008,39.264
294.111,0.013,39.252
292.618,0.018,39.237
291.125,0.026,39.219
289.638,0.036,39.199
288.158,0.051,39.171
286.677,0.071,39.137
285.197,0.097,39.094
283.718,0.126,39.045
282.239,0.167,38.988
280.757,0.217,38.924
279.272,0.270,38.854
277.778,0.325,38.779
276.274,0.382,38.707
274.777,0.442,38.637
273.287,0.502,38.565
271.790,0.561,38.490
270.287,0.621,38.418
268.790,0.681,38.348
267.299,0.738,38.276
265.802,0.793,38.201
264.299,0.848,38.129
262.803,0.903,38.059
261.312,0.948,37.987
259.817,0.983,37.912
258.319,1.012,37.837
256.818,1.037,37.763
255.314,1.057,37.690
253.816,1.072,37.620
252.325,1.082,37.548
250.830,1.087,37.473
249.332,1.092,37.398
247.831,1.097,37.324
246.327,1.100,37.251
244.826,1.100,37.181
243.327,1.102,37.111
241.832,1.107,37.041
240.340,1.112,36.969
238.845,1.117,36.895
237.348,1.120,36.820
235.847,1.120,36.745
234.343,1.122,36.672
232.844,1.127,36.603
231.352,1.130,36.531
229.858,1.130,36.456
228.360,1.130,36.382
226.860,1.130,36.307
225.355,1.130,36.234
223.856,1.130,36.164
222.364,1.130,36.092
220.867,1.130,36.017
219.363,1.130,35.945
217.864,1.130,35.875
216.372,1.130,35.803
214.875,1.130,35.728
213.371,1.128,35.655
211.872,1.123,35.585
210.380,1.120,35.514
208.886,1.120,35.439
207.388,1.120,35.364
205.887,1.120,35.289
204.383,1.120,35.216
202.884,1.120,35.146
201.392,1.120,35.075
199.896,1.120,35.000
198.391,1.120,34.927
196.891,1.120,34.857
195.400,1.120,34.786
193.906,1.120,34.711
192.408,1.120,34.636
190.910,1.120,34.561
189.412,1.120,34.486
187.921,1.120,34.412
186.443,1.120,34.333
184.972,1.120,34.245
183.514,1.120,34.146
182.061,1.120,34.030
180.618,1.120,33.900
179.172,1.120,33.745
177.720,1.118,33.579
176.264,1.113,33.393
174.795,1.110,33.201
173.322,1.110,32.998
171.836,1.110,32.794
170.352,1.110,32.590
168.874,1.110,32.384
167.393,1.110,32.175
165.907,1.108,31.965
164.422,1.103,31.756
162.937,1.100,31.546
161.452,1.100,31.337
159.967,1.100,31.128
158.482,1.100,30.918
156.998,1.100,30.709
155.511,1.100,30.499
154.019,1.102,30.290
152.530,1.107,30.085
151.051,1.110,29.880
149.568,1.110,29.671
148.076,1.110,29.462
146.588,1.110,29.257
145.109,1.112,29.052
143.628,1.117,28.843
142.144,1.122,28.634
140.660,1.127,28.424
139.174,1.132,28.214
137.688,1.136,28.005
136.202,1.141,27.796
134.716,1.146,27.587
133.232,1.151,27.378
131.746,1.156,27.169
130.255,1.161,26.960
128.767,1.166,26.754
127.287,1.171,26.549
125.806,1.176,26.340
124.321,1.181,26.131
122.836,1.186,25.922
121.351,1.191,25.712
119.866,1.196,25.503
118.381,1.201,25.294
116.894,1.206,25.084
115.404,1.210,24.875
113.915,1.210,24.670
112.435,1.211,24.464
110.954,1.216,24.256
109.469,1.220,24.046
107.982,1.220,23.837
106.491,1.220,23.628
105.002,1.220,23.423
103.522,1.220,23.218
102.042,1.220,23.010
100.558,1.220,22.800
99.074,1.220,22.590
97.588,1.220,22.380
96.103,1.220,22.171
94.625,1.219,21.962
93.148,1.214,21.749
91.677,1.210,21.534
90.210,1.210,21.312
88.752,1.208,21.087
87.296,1.198,20.847
85.836,1.188,20.603
84.377,1.178,20.346
82.914,1.167,20.087
81.451,1.152,19.819
79.981,1.137,19.549
78.510,1.122,19.276
77.037,1.106,19.002
75.565,1.086,18.728
74.095,1.067,18.453
72.625,1.052,18.175
71.145,1.039,17.896
69.666,1.034,17.621
68.192,1.029,17.347
66.720,1.024,17.072
65.251,1.020,16.798
63.780,1.020,16.520
62.302,1.021,16.241
60.823,1.026,15.965
59.347,1.032,15.690
57.872,1.042,15.416
56.399,1.052,15.142
54.926,1.067,14.867
53.457,1.084,14.593
51.987,1.109,14.315
50.507,1.134,14.035
49.029,1.164,13.761
47.562,1.194,13.487
46.094,1.224,13.209
44.614,1.253,12.929
43.133,1.278,12.653
41.660,1.303,12.380
40.187,1.328,12.105
38.711,1.353,11.830
37.237,1.378,11.556
35.770,1.404,11.283
34.302,1.433,11.004
32.822,1.463,10.724
31.342,1.488,10.449
29.874,1.512,10.175
28.405,1.532,9.898
26.926,1.552,9.618
25.448,1.572,9.343
23.974,1.591,9.068
22.499,1.601,8.793
21.024,1.610,8.518
19.549,1.615,8.244
18.080,1.620,7.970
16.612,1.620,7.693
15.132,1.620,7.413
13.652,1.625,7.138
12.179,1.631,6.864
10.706,1.641,6.590
9.236,1.651,6.315
7.767,1.661,6.037
6.288,1.671,5.758
4.809,1.681,5.482
3.335,1.691,5.207
1.861,1.706,4.933
0.392,1.721,4.658
-1.076,1.736,4.381
-2.536,1.751,4.104
-3.995,1.771,3.817
-5.467,1.791,3.528
-6.938,1.816,3.238
-8.397,1.841,2.951
-9.854,1.861,2.655
-11.318,1.881,2.357
-12.780,1.906,2.054
-14.248,1.930,1.751
-15.715,1.945,1.447
-17.177,1.960,1.143
-18.639,1.965,0.835
-20.114,1.970,0.524
-21.589,1.980,0.219
-23.051,1.990,-0.083
-24.511,1.995,-0.391
-25.985,2.000,-0.702
-27.459,2.005,-1.008
-28.929,2.010,-1.313
-30.399,2.015,-1.617
-31.866,2.020,-1.920
-33.333,2.020,-2.225
-34.803,2.020,-2.530
-36.273,2.025,-2.834
-37.741,2.030,-3.137
-39.208,2.030,-3.442
-40.676,2.030,-3.746
-42.145,2.035,-4.051
-43.614,2.040,-4.356
-45.084,2.045,-4.660
-46.546,2.050,-4.962
-48.006,2.055,-5.270
-49.479,2.060,-5.581
-50.954,2.070,-5.887
-52.418,2.080,-6.190
-53.881,2.085,-6.498
-55.353,2.090,-6.807
-56.826,2.095,-7.113
-58.295,2.100,-7.418
-59.763,2.105,-7.722
-61.233,2.110,-8.027
-62.703,2.115,-8.331
-64.170,2.120,-8.635
-65.638,2.125,-8.939
-67.107,2.130,-9.244
-68.577,2.144,-9.548
-70.045,2.159,-9.851
-71.512,2.169,-10.156
-72.975,2.179,-10.459
-74.436,2.194,-10.767
-75.910,2.209,-11.078
-77.386,2.219,-11.384
-78.855,2.229,-11.687
-80.324,2.235,-11.991
-81.791,2.240,-12.295
-83.258,2.245,-12.599
-84.727,2.250,-12.904
-86.195,2.255,-13.208
-87.634,2.260,-13.507
-89.064,2.269,-13.828
-90.427,2.279,-14.134
-91.765,2.294,-14.513
-92.943,2.309,-14.841
-94.025,2.325,-15.335
-95.008,2.341,-15.781
-95.841,2.357,-16.424
-96.738,2.373,-17.136
-97.528,2.389,-18.005
-98.401,2.404,-18.998
-99.224,2.420,-20.076
-100.092,2.433,-21.230
-100.944,2.443,-22.414
-101.813,2.456,-23.625
-102.680,2.476,-24.841
-103.551,2.496,-26.062
-104.421,2.516,-27.282
-105.289,2.538,-28.500
-106.156,2.563,-29.722
-107.027,2.588,-30.947
-107.900,2.613,-32.170
-108.770,2.635,-33.391
-109.640,2.650,-34.611
-110.508,2.662,-35.829
-111.367,2.667,-37.039
-112.200,2.672,-38.230
-112.997,2.677,-39.411
-113.740,2.680,-40.568
-114.361,2.680,-41.623
-114.820,2.680,-42.638
-115.078,2.680,-43.205
-115.035,2.680,-43.480
-114.878,2.680,-43.935
-114.594,2.680,-44.412
-113.883,2.680,-45.036
-112.921,2.680,-45.898
-111.858,2.680,-46.695
-110.699,2.680,-47.555
-109.511,2.680,-48.397
-108.296,2.680,-49.255
-107.074,2.680,-50.109
-105.845,2.680,-50.969
-104.616,2.680,-51.828
-103.387,2.680,-52.687
-102.158,2.680,-53.547
-100.929,2.680,-54.406
-99.700,2.680,-55.265
-98.474,2.680,-56.122
-97.244,2.680,-56.978
-96.011,2.680,-57.838
-94.780,2.680,-58.698
-93.551,2.680,-59.558
-92.321,2.680,-60.417
-91.092,2.680,-61.277
-89.864,2.680,-62.135
-88.637,2.679,-62.992
-87.414,2.674,-63.844
-86.201,2.669,-64.683
-84.986,2.664,-65.506
-83.783,2.657,-66.308
-82.571,2.647,-67.079
-81.369,2.637,-67.825
-80.141,2.627,-68.531
-78.900,2.616,-69.227
-77.631,2.601,-69.890
-76.335,2.585,-70.557
-75.023,2.565,-71.206
-73.692,2.545,-71.860
-72.355,2.525,-72.506
-71.009,2.505,-73.155
-69.661,2.485,-73.802
-68.309,2.466,-74.451
-66.956,2.451,-75.099
-65.604,2.439,-75.748
-64.252,2.434,-76.397
-62.900,2.429,-77.045
-61.547,2.424,-77.694
-60.192,2.420,-78.345
-58.841,2.420,-78.995
-57.497,2.420,-79.641
-56.147,2.420,-80.283
-54.788,2.420,-80.931
-53.432,2.420,-81.582
-52.080,2.420,-82.230
-50.726,2.420,-82.880
-49.370,2.420,-83.532
-48.017,2.420,-84.186
-46.671,2.420,-84.835
-45.323,2.420,-85.482
-43.970,2.420,-86.131
-42.618,2.420,-86.779
-41.266,2.420,-87.428
-39.914,2.420,-88.077
-38.562,2.420,-88.725
-37.209,2.420,-89.374
-35.857,2.420,-90.023
-34.505,2.420,-90.671
-33.153,2.420,-91.320
-31.800,2.420,-91.969
-30.448,2.420,-92.617
-29.096,2.420,-93.266
-27.744,2.420,-93.915
-26.393,2.420,-94.563
-25.045,2.420,-95.208
-23.694,2.420,-95.851
-22.335,2.420,-96.499
-20.978,2.420,-97.150
-19.621,2.421,-97.802
-18.267,2.426,-98.457
-16.919,2.432,-99.108
-15.567,2.442,-99.759
-14.199,2.454,-100.421
-12.825,2.474,-101.100
-11.407,2.499,-101.817
-9.981,2.545,-102.608
-8.483,2.592,-103.505
-7.013,2.645,-104.592
-5.579,2.698,-105.835
-4.282,2.753,-107.310
-3.192,2.804,-108.853
-2.293,2.851,-110.458
-1.562,2.889,-112.025
-0.940,2.919,-113.549
-0.384,2.940,-115.034
0.134,2.955,-116.491
0.633,2.963,-117.931
1.119,2.968,-119.353
1.605,2.970,-120.763
2.096,2.970,-122.181
2.586,2.970,-123.605
3.073,2.970,-125.027
3.559,2.970,-126.448
4.043,2.970,-127.863
4.529,2.970,-129.273
5.020,2.970,-130.692
5.510,2.970,-132.116
5.996,2.970,-133.534
6.483,2.970,-134.948
6.973,2.970,-136.369
7.461,2.970,-137.793
7.946,2.970,-139.213
8.431,2.970,-140.630
8.916,2.970,-142.044
9.403,2.970,-143.456
9.895,2.970,-144.875
10.384,2.970,-146.299
10.877,2.970,-147.738
11.358,2.970,-149.188
11.853,2.970,-150.709
12.284,2.970,-152.279
12.726,2.970,-154.078
12.896,2.970,-156.049
12.829,2.970,-158.348
11.979,2.970,-160.787
10.756,2.967,-162.666
9.290,2.961,-164.239
7.799,2.960,-165.375
6.440,2.960,-166.349
5.050,2.955,-167.209
3.752,2.950,-168.008
2.446,2.950,-168.791
1.157,2.950,-169.563
-0.134,2.945,-170.334
-1.422,2.940,-171.102
-2.709,2.940,-171.871
-3.997,2.940,-172.640
-5.285,2.940,-173.408
-6.573,2.940,-174.177
-7.861,2.940,-174.946
-9.148,2.940,-175.714
-10.436,2.940,-176.483
-11.719,2.940,-177.249
-13.000,2.940,-178.019
-14.291,2.940,-178.794
-15.583,2.940,-179.565
-16.871,2.940,-180.334
-18.159,2.940,-181.103
-19.446,2.940,-181.871
-20.734,2.940,-182.640
-22.019,2.940,-183.407
-23.303,2.940,-184.176
-24.592,2.940,-184.949
-25.883,2.940,-185.719
-27.171,2.940,-186.488
-28.458,2.945,-187.256
-29.746,2.950,-188.025
-31.034,2.950,-188.794
-32.322,2.950,-189.563
-33.609,2.960,-190.331
-34.902,2.970,-191.103
-36.197,2.980,-191.870
-37.497,2.990,-192.641
-38.802,3.005,-193.404
-40.125,3.020,-194.178
-41.462,3.035,-194.929
-42.799,3.050,-195.679
-44.150,3.065,-196.406
-45.493,3.080,-197.128
-46.846,3.090,-197.833
-48.189,3.100,-198.532
-49.537,3.115,-199.221
-50.875,3.130,-199.905
-52.213,3.159,-200.587
-53.545,3.189,-201.265
-54.873,3.234,-201.947
-56.214,3.279,-202.635
-57.559,3.328,-203.317
-58.891,3.378,-203.993
-60.220,3.433,-204.673
-61.559,3.488,-205.357
-62.901,3.547,-206.038
-64.232,3.607,-206.714
-65.562,3.662,-207.394
-66.899,3.717,-208.077
-68.236,3.772,-208.758
-69.570,3.827,-209.438
-70.902,3.886,-210.118
-72.233,3.946,-210.799
-73.564,4.006,-211.482
-74.904,4.066,-212.169
-76.248,4.126,-212.852
-77.580,4.186,-213.528
-78.910,4.245,-214.207
-80.246,4.305,-214.890
-81.584,4.365,-215.572
-82.917,4.425,-216.251
-84.249,4.485,-216.932
-85.592,4.545,-217.618
-86.940,4.605,-218.298
-88.298,4.665,-218.982
-89.664,4.724,-219.652
-91.067,4.784,-220.337
-92.496,4.840,-220.980
-93.938,4.895,-221.621
-95.403,4.950,-222.209
-96.864,5.005,-222.786
-98.341,5.060,-223.314
-99.790,5.115,-223.826
-101.243,5.161,-224.313
-102.675,5.206,-224.791
-104.106,5.255,-225.262
-105.531,5.305,-225.730
-106.955,5.350,-226.198
-108.380,5.395,-226.666
-109.804,5.440,-227.134
-111.231,5.484,-227.603
-112.660,5.529,-228.070
-114.081,5.574,-228.534
-115.499,5.615,-229.001
-116.929,5.655,-229.472
-118.362,5.691,-229.939
-119.784,5.725,-230.402
-121.202,5.760,-230.867
-122.626,5.795,-231.335
-124.051,5.830,-231.803
-125.480,5.865,-232.273
-126.911,5.891,-232.739
-128.332,5.916,-233.201
-129.749,5.937,-233.668
-131.178,5.957,-234.139
-132.612,5.973,-234.606
-134.032,5.988,-235.068
-135.449,5.998,-235.534
-136.874,6.008,-236.004
-138.301,6.014,-236.473
-139.731,6.019,-236.943
-141.162,6.028,-237.410
-142.585,6.038,-237.872
-144.004,6.048,-238.338
-145.431,6.058,-238.807
-146.860,6.064,-239.274
-148.284,6.069,-239.738
-149.705,6.074,-240.205
-151.129,6.079,-240.673
-152.554,6.084,-241.141
-153.983,6.089,-241.611
-155.415,6.094,-242.078
-156.842,6.099,-242.542
-158.268,6.104,-243.006
-159.708,6.109,-243.474
-161.155,6.114,-243.932
-162.601,6.119,-244.387
-164.050,6.120,-244.833
-165.501,6.120,-245.276
-166.956,6.124,-245.709
-168.404,6.129,-246.136
-169.851,6.130,-246.558
-171.293,6.130,-246.977
-172.733,6.134,-247.396
-174.177,6.139,-247.815
-175.622,6.140,-248.232
-177.065,6.140,-248.648
-178.508,6.144,-249.063
-179.950,6.149,-249.477
-181.391,6.150,-249.891
-182.833,6.150,-250.305
-184.274,6.154,-250.719
-185.716,6.159,-251.133
-187.157,6.164,-251.547
-188.599,6.169,-251.961
-190.040,6.174,-252.375
-191.482,6.179,-252.789
-192.923,6.187,-253.203
-194.360,6.197,-253.616
-195.795,6.204,-254.032
-197.238,6.209,-254.451
-198.685,6.210,-254.868
-200.128,6.210,-255.282
-201.569,6.214,-255.696
-203.007,6.219,-256.109
-204.441,6.224,-256.525
-205.884,6.229,-256.944
-207.331,6.234,-257.361
-208.774,6.239,-257.776
-210.216,6.240,-258.189
-211.657,6.240,-258.603
-213.099,6.244,-259.017
-214.535,6.249,-259.430
-215.968,6.250,-259.846
-217.410,6.250,-260.267
-218.859,6.254,-260.685
-220.303,6.259,-261.099
-221.744,6.267,-261.513
-223.186,6.277,-261.927
-224.627,6.294,-262.341
-226.068,6.314,-262.755
-227.510,6.341,-263.169
-228.951,6.371,-263.583
-230.392,6.401,-263.997
-231.837,6.430,-264.412
-233.285,6.460,-264.824
-234.743,6.490,-265.238
-236.207,6.517,-265.642
-237.682,6.542,-266.044
-239.166,6.563,-266.429
-240.651,6.583,-266.805
-242.138,6.607,-267.165
-243.620,6.632,-267.516
-245.101,6.660,-267.855
-246.579,6.690,-268.188
-248.057,6.726,-268.513
-249.526,6.766,-268.833
-250.991,6.803,-269.152
-252.456,6.838,-269.471
-253.921,6.873,-269.790
-255.382,6.907,-270.108
-256.839,6.939,-270.429
-258.305,6.969,-270.754
-259.777,6.996,-271.077
-261.245,7.021,-271.396
-262.710,7.049,-271.715
-264.175,7.079,-272.034
-265.640,7.102,-272.353
-267.106,7.122,-272.672
-268.571,7.142,-272.991
-270.036,7.162,-273.310
-271.502,7.179,-273.629
-272.967,7.194,-273.948
-274.432,7.206,-274.267
-275.901,7.216,-274.587
-277.371,7.226,-274.904
-278.836,7.236,-275.219
-280.297,7.246,-275.536
-281.761,7.256,-275.854
-283.226,7.269,-276.173
-284.692,7.284,-276.492
-286.157,7.302,-276.811
-287.622,7.322,-277.130
-289.085,7.350,-277.449
-290.550,7.385,-277.769
-292.016,7.426,-278.089
-293.482,7.471,-278.408
-294.946,7.519,-278.727
-296.411,7.569,-279.046
-297.876,7.618,-279.365
-299.340,7.668,-279.683
-300.805,7.710,-280.002
-302.274,7.744,-280.322
-303.745,7.774,-280.640
-305.237,7.799,-280.959
-306.749,7.821,-281.264
-308.306,7.841,-281.561
-309.907,7.859,-281.809
-311.583,7.874,-282.018
-313.310,7.889,-282.112
-315.063,7.905,-282.115
-316.800,7.920,-281.978
-318.492,7.935,-281.763
-320.134,7.950,-281.452
-321.702,7.965,-281.106
-323.228,7.984,-280.726
-324.709,8.004,-280.339
-326.171,8.020,-279.949
-327.628,8.035,-279.558
-329.081,8.047,-279.163
-330.530,8.057,-278.769
-331.977,8.067,-278.375
-333.424,8.077,-277.980
-334.871,8.083,-277.586
-336.318,8.088,-277.192
-337.765,8.100,-276.798
-339.208,8.115,-276.405
-340.650,8.130,-276.015
-342.100,8.145,-275.625
-343.553,8.163,-275.231
-345.002,8.183,-274.836
-346.449,8.207,-274.442
-347.895,8.232,-274.048
-349.340,8.253,-273.655
-350.797,8.273,-273.260
-352.257,8.296,-272.855
-353.732,8.321,-272.442
-355.210,8.346,-272.004
-356.739,8.371,-271.538
-358.272,8.397,-270.997
-359.834,8.422,-270.403
-361.366,8.444,-269.703
-362.889,8.464,-268.945
-364.348,8.477,-268.082
-365.731,8.487,-267.205
-367.054,8.494,-266.286
-368.322,8.499,-265.374
-369.559,8.504,-264.452
-370.772,8.509,-263.537
-371.975,8.510,-262.620
-373.170,8.510,-261.707
-374.362,8.510,-260.794
-375.552,8.510,-259.883
-376.742,8.510,-258.972
-377.934,8.510,-258.061
-379.126,8.510,-257.149
-380.314,8.510,-256.239
-381.503,8.514,-255.333
-382.697,8.519,-254.423
-383.892,8.520,-253.510
-385.085,8.520,-252.598
-386.277,8.524,-251.686
-387.467,8.529,-250.775
-388.657,8.534,-249.864
-389.846,8.539,-248.955
-391.036,8.544,-248.048
-392.230,8.549,-247.138
-393.425,8.557,-246.226
-394.618,8.567,-245.313
-395.810,8.577,-244.401
-397.001,8.587,-243.489
-398.192,8.597,-242.577
-399.382,8.607,-241.666
-400.572,8.621,-240.756
-401.771,8.636,-239.839
-402.968,8.647,-238.913
-404.199,8.657,-237.958
-405.415,8.671,-236.957
-406.653,8.686,-235.913
-407.847,8.701,-234.797
-409.061,8.716,-233.614
-410.184,8.728,-232.328
-411.249,8.738,-231.034
-412.218,8.752,-229.689
-413.125,8.767,-228.379
-413.980,8.774,-227.058
-414.805,8.779,-225.761
-415.610,8.792,-224.462
-416.399,8.807,-223.181
-417.185,8.818,-221.904
-417.973,8.828,-220.624
-418.759,8.838,-219.343
-419.542,8.848,-218.067
-420.326,8.862,-216.792
-421.112,8.877,-215.516
-421.899,8.888,-214.238
-422.684,8.898,-212.963
-423.470,8.908,-211.688
-424.259,8.918,-210.411
-425.046,8.924,-209.132
-425.834,8.929,-207.852
-426.620,8.942,-206.571
-427.403,8.957,-205.295
-428.187,8.976,-204.020
-428.975,8.996,-202.742
-429.761,9.029,-201.461
-430.544,9.064,-200.184
-431.327,9.111,-198.911
-432.114,9.161,-197.632
-432.900,9.215,-196.352
-433.682,9.270,-195.076
-434.466,9.329,-193.803
-435.253,9.389,-192.525
-436.038,9.449,-191.245
-436.821,9.509,-189.969
-437.604,9.569,-188.696
-438.397,9.629,-187.408
-439.182,9.689,-186.111
-439.982,9.749,-184.784
-440.753,9.809,-183.431
-441.540,9.869,-182.026
-442.259,9.930,-180.573
-442.974,9.991,-179.076
-443.583,10.051,-177.531
-444.156,10.112,-176.011
-444.647,10.172,-174.472
-445.110,10.232,-172.973
-445.528,10.292,-171.470
-445.927,10.352,-170.010
-446.319,10.412,-168.555
-446.709,10.472,-167.104
-447.097,10.532,-165.651
-447.483,10.592,-164.203
-447.869,10.652,-162.755
-448.253,10.713,-161.310
-448.641,10.773,-159.867
-449.032,10.832,-158.416
-449.418,10.892,-156.962
-449.801,10.952,-155.519
-450.189,11.012,-154.079
-450.581,11.072,-152.629
-450.969,11.133,-151.175
-451.355,11.193,-149.725
-451.740,11.253,-148.275
-452.124,11.313,-146.827
-452.510,11.373,-145.381
-452.896,11.433,-143.932
-453.281,11.493,-142.482
-453.665,11.553,-141.035
-454.050,11.613,-139.588
-454.435,11.673,-138.144
-454.823,11.733,-136.701
-455.213,11.793,-135.251
-455.600,11.853,-133.798
-455.987,11.913,-132.348
-456.372,11.973,-130.899
-456.755,12.033,-129.457
-457.142,12.093,-128.017
-457.534,12.153,-126.565
-457.922,12.213,-125.109
-458.306,12.273,-123.661
-458.691,12.333,-122.215
-459.082,12.393,-120.750
-459.459,12.453,-119.279
-459.841,12.513,-117.779
-460.188,12.573,-116.268
-460.536,12.633,-114.723
-460.823,12.694,-113.162
-461.101,12.754,-111.590
-461.307,12.814,-110.006
-461.500,12.874,-108.452
-461.646,12.934,-106.897
-461.785,12.995,-105.370
-461.900,13.050,-103.844
-462.010,13.105,-102.346
-462.120,13.165,-100.851
-462.231,13.225,-99.350
-462.337,13.285,-97.849
-462.441,13.345,-96.360
-462.551,13.405,-94.872
-462.661,13.465,-93.372
-462.767,13.525,-91.871
-462.872,13.585,-90.375
-462.977,13.645,-88.880
-463.082,13.705,-87.391
-463.191,13.765,-85.903
-463.301,13.825,-84.403
-463.407,13.885,-82.902
-463.512,13.945,-81.407
-463.617,14.005,-79.912
-463.722,14.065,-78.417
-463.827,14.125,-76.922
-463.932,14.185,-75.427
-464.037,14.245,-73.933
-464.142,14.306,-72.444
-464.252,14.361,-70.955
-464.362,14.416,-69.455
-464.468,14.466,-67.953
-464.572,14.516,-66.464
-464.682,14.553,-64.975
-464.793,14.588,-63.474
-464.899,14.609,-61.971
-465.004,14.629,-60.475
-465.109,14.639,-58.979
-465.214,14.649,-57.483
-465.319,14.655,-55.987
-465.426,14.660,-54.467
-465.514,14.665,-52.945
-465.602,14.670,-51.380
-465.638,14.684,-49.811
-465.668,14.699,-48.198
-465.609,14.714,-46.585
-465.542,14.730,-44.963
-465.378,14.745,-43.350
-465.211,14.760,-41.762
-464.967,14.775,-40.185
-464.731,14.790,-38.671
-464.470,14.805,-37.162
-464.213,14.820,-35.672
-463.945,14.825,-34.184
-463.681,14.830,-32.714
-463.422,14.830,-31.243
-463.160,14.830,-29.760
-462.894,14.830,-28.278
-462.630,14.830,-26.808
-462.371,14.830,-25.337
-462.109,14.830,-23.854
-461.843,14.830,-22.371
-461.579,14.830,-20.901
-461.320,14.830,-19.430
-461.058,14.830,-17.947
-460.792,14.830,-16.465
-460.528,14.830,-14.995
-460.269,14.830,-13.524
-460.007,14.830,-12.041
-459.741,14.830,-10.559
-459.476,14.830,-9.083
-459.210,14.830,-7.607
-458.946,14.830,-6.137
-458.687,14.830,-4.666
-458.426,14.830,-3.183
-458.159,14.830,-1.701
-457.895,14.830,-0.231
-457.636,14.830,1.241
-457.374,14.830,2.725
-457.107,14.830,4.208
-456.842,14.830,5.676
-456.583,14.830,7.147
-456.322,14.830,8.630
-456.055,14.830,10.112
-455.787,14.830,11.602
-455.509,14.830,13.091
-455.221,14.830,14.616
-454.893,14.825,16.137
-454.549,14.820,17.706
-454.123,14.815,19.259
-453.677,14.809,20.838
-453.127,14.794,22.383
-452.579,14.779,23.893
-451.957,14.764,25.369
-451.353,14.748,26.792
-450.720,14.723,28.199
-450.094,14.698,29.584
-449.457,14.673,30.960
-448.829,14.648,32.316
-448.205,14.628,33.674
-447.577,14.608,35.039
-446.948,14.588,36.403
-446.321,14.568,37.762
-445.696,14.548,39.122
-445.070,14.527,40.485
-444.443,14.502,41.847
-443.815,14.476,43.213
-443.186,14.436,44.576
-442.559,14.395,45.935
-441.935,14.345,47.294
-441.307,14.294,48.659
-440.678,14.234,50.022
-440.052,14.174,51.380
-439.427,14.114,52.740
-438.798,14.054,54.106
-438.166,13.994,55.470
-437.539,13.934,56.825
-436.916,13.874,58.182
-436.291,13.814,59.541
-435.668,13.754,60.902
-435.040,13.694,62.272
-434.407,13.634,63.638
-433.780,13.574,64.993
-433.157,13.514,66.350
-432.528,13.454,67.717
-431.896,13.394,69.081
-431.269,13.334,70.436
-430.645,13.274,71.793
-430.018,13.214,73.157
-429.388,13.154,74.521
-428.755,13.094,75.892
-428.113,13.034,77.263
-427.448,12.974,78.669
-426.742,12.914,80.065
-425.997,12.853,81.509
-425.164,12.792,82.918
-424.276,12.732,84.363
-423.267,12.671,85.727
-422.254,12.611,87.046
-421.157,12.555,88.287
-420.076,12.499,89.477
-418.955,12.439,90.605
-417.879,12.378,91.681
-416.796,12.319,92.744
-415.719,12.259,93.799
-414.638,12.199,94.849
-413.560,12.139,95.897
-412.481,12.079,96.941
-411.408,12.019,97.980
-410.336,11.959,99.022
-409.261,11.899,100.067
-408.186,11.839,101.112
-407.108,11.779,102.159
-406.029,11.719,103.203
-404.952,11.659,104.246
-403.875,11.600,105.287
-402.802,11.540,106.326
-401.730,11.480,107.368
-400.655,11.420,108.413
-399.580,11.360,109.458
-398.502,11.300,110.505
-397.423,11.240,111.549
-396.350,11.180,112.589
-395.277,11.120,113.631
-394.199,11.060,114.678
-393.120,11.000,115.723
-392.047,10.941,116.762
-390.974,10.881,117.804
-389.896,10.821,118.852
-388.813,10.767,119.900
-387.706,10.712,120.964
-386.571,10.656,122.022
-385.363,10.602,123.119
-384.072,10.551,124.163
-382.681,10.500,125.221
-381.157,10.448,126.156
-379.561,10.396,127.022
-377.881,10.344,127.697
-376.248,10.291,128.266
-374.617,10.235,128.696
-373.067,10.179,129.071
-371.530,10.124,129.392
-370.034,10.067,129.695
-368.548,10.008,129.982
-367.083,9.950,130.267
-365.616,9.895,130.555
-364.146,9.840,130.844
-362.675,9.785,131.133
-361.205,9.732,131.423
-359.731,9.682,131.712
-358.253,9.634,132.001
-356.776,9.589,132.285
-355.306,9.545,132.569
-353.836,9.500,132.852
-352.371,9.455,133.137
-350.902,9.410,133.426
-349.425,9.365,133.715
-347.951,9.320,134.000
-346.485,9.277,134.285
-345.018,9.237,134.573
-343.546,9.197,134.862
-342.072,9.157,135.151
-340.596,9.116,135.439
-339.123,9.071,135.724
-337.658,9.028,136.008
-336.190,8.988,136.298
-334.710,8.948,136.588
-333.231,8.908,136.873
-331.753,8.868,137.156
-330.264,8.828,137.439
-328.745,8.788,137.716
-327.213,8.748,137.970
-325.656,8.705,138.208
-324.085,8.655,138.404
-322.494,8.604,138.576
-320.904,8.549,138.688
-319.332,8.492,138.780
-317.771,8.432,138.827
-316.242,8.372,138.865
-314.719,8.313,138.885
-313.214,8.253,138.904
-311.711,8.193,138.919
-310.213,8.133,138.934
-308.714,8.073,138.949
-307.216,8.014,138.964
-305.716,7.954,138.979
-304.211,7.894,138.993
-302.709,7.834,139.003
-301.217,7.775,139.014
-299.722,7.715,139.029
-298.217,7.655,139.042
-296.715,7.595,139.052
-295.223,7.536,139.064
-293.729,7.482,139.078
-292.230,7.427,139.093
-290.732,7.372,139.108
-289.233,7.317,139.123
-287.734,7.262,139.138
-286.236,7.207,139.153
-284.735,7.153,139.168
-283.230,7.097,139.182
-281.728,7.037,139.192
-280.236,6.977,139.203
-278.741,6.918,139.218
-277.237,6.858,139.232
-275.734,6.798,139.242
-274.242,6.738,139.253
-272.749,6.678,139.268
-271.250,6.619,139.283
-269.752,6.559,139.298
-268.253,6.500,139.313
-266.753,6.445,139.328
-265.248,6.391,139.342
-263.745,6.341,139.352
-262.253,6.293,139.362
-260.758,6.253,139.377
-259.252,6.215,139.392
-257.748,6.185,139.402
-256.255,6.155,139.412
-254.761,6.125,139.427
-253.262,6.095,139.442
-251.762,6.060,139.457
-250.256,6.024,139.471
-248.752,5.984,139.481
-247.259,5.944,139.492
-245.763,5.904,139.507
-244.245,5.864,139.520
-242.729,5.819,139.520
-241.223,5.774,139.519
-239.718,5.729,139.514
-238.213,5.686,139.509
-236.707,5.651,139.499
-235.201,5.616,139.488
-233.697,5.581,139.473
-232.204,5.547,139.459
-230.710,5.517,139.449
-229.204,5.486,139.438
-227.699,5.446,139.423
-226.193,5.405,139.408
-224.689,5.361,139.388
-223.196,5.315,139.368
-221.703,5.265,139.353
-220.204,5.215,139.338
-218.706,5.155,139.324
-217.207,5.095,139.309
-215.709,5.035,139.294
-214.210,4.976,139.279
-212.712,4.916,139.264
-211.213,4.856,139.249
-209.714,4.796,139.234
-208.210,4.736,139.218
-206.706,4.676,139.198
-205.214,4.617,139.179
-203.721,4.557,139.164
-202.223,4.497,139.149
-200.724,4.437,139.134
-199.226,4.377,139.119
-197.727,4.318,139.104
-196.229,4.258,139.089
-194.730,4.198,139.074
-193.232,4.138,139.059
-191.733,4.079,139.044
-190.228,4.019,139.029
-188.724,3.959,139.009
-187.231,3.899,138.990
-185.739,3.844,138.975
-184.240,3.790,138.960
-182.742,3.735,138.945
-181.243,3.680,138.930
-179.744,3.630,138.915
-178.245,3.580,138.900
-176.746,3.530,138.885
-175.248,3.481,138.870
-173.749,3.436,138.855
-172.250,3.391,138.840
-170.751,3.346,138.825
-169.245,3.301,138.810
-167.740,3.261,138.790
-166.247,3.221,138.770
-164.754,3.191,138.755
-163.255,3.161,138.740
-161.755,3.136,138.725
-160.256,3.111,138.710
-158.756,3.091,138.695
-157.256,3.071,138.680
-155.757,3.056,138.666
-154.257,3.041,138.651
-152.758,3.035,138.636
-151.258,3.030,138.621
-149.758,3.021,138.606
-148.259,3.011,138.591
-146.759,3.005,138.576
-145.259,3.000,138.561
-143.760,2.995,138.546
-142.260,2.990,138.531
-140.760,2.985,138.516
-139.255,2.980,138.501
-137.749,2.980,138.481
-136.254,2.980,138.461
-134.761,2.975,138.446
-133.262,2.970,138.431
-131.762,2.970,138.416
-130.263,2.970,138.401
-128.763,2.970,138.386
-127.263,2.970,138.371
-125.763,2.966,138.356
-124.264,2.961,138.341
-122.764,2.960,138.326
-121.259,2.960,138.311
-119.753,2.956,138.292
-118.258,2.951,138.272
-116.765,2.946,138.257
-115.266,2.941,138.242
-113.766,2.940,138.227
-112.266,2.940,138.212
-110.767,2.936,138.197
-109.267,2.931,138.182
-107.767,2.926,138.167
-106.268,2.921,138.152
-104.768,2.916,138.137
-103.263,2.911,138.122
-101.757,2.906,138.103
-100.262,2.901,138.083
-98.768,2.896,138.067
-97.275,2.891,138.052
-95.782,2.886,138.041
-94.278,2.881,138.031
-92.772,2.876,138.017
-91.266,2.871,138.002
-89.760,2.862,137.983
-88.264,2.852,137.963
-86.771,2.850,137.947
-85.272,2.850,137.932
-83.773,2.846,137.917
-82.273,2.841,137.903
-80.773,2.836,137.888
-79.274,2.831,137.873
-77.774,2.830,137.858
-76.274,2.830,137.843
-74.774,2.826,137.828
-73.270,2.821,137.813
-71.764,2.812,137.794
-70.268,2.802,137.774
-68.775,2.792,137.758
-67.276,2.782,137.743
-65.777,2.764,137.728
-64.277,2.744,137.713
-62.778,2.728,137.698
-61.278,2.713,137.683
-59.778,2.694,137.668
-58.279,2.674,137.653
-56.779,2.658,137.638
-55.275,2.643,137.623
-53.769,2.628,137.604
-52.273,2.613,137.584
-50.779,2.602,137.568
-49.286,2.592,137.553
-47.793,2.586,137.542
-46.290,2.581,137.532
-44.784,2.576,137.518
-43.278,2.571,137.503
-41.772,2.562,137.485
-40.275,2.553,137.465
-38.782,2.546,137.449
-37.284,2.541,137.434
-35.784,2.533,137.419
-34.285,2.523,137.404
-32.785,2.516,137.389
-31.285,2.511,137.374
-29.785,2.506,137.359
-28.286,2.501,137.344
-26.786,2.493,137.329
-25.282,2.483,137.314
-23.776,2.466,137.295
-22.279,2.446,137.275
-20.786,2.426,137.259
-19.288,2.406,137.244
-17.789,2.386,137.229
-16.289,2.366,137.214
-14.790,2.346,137.199
-13.290,2.326,137.184
-11.791,2.310,137.169
-10.291,2.295,137.154
-8.791,2.280,137.139
-7.292,2.265,137.124
-5.792,2.246,137.109
-4.293,2.226,137.095
-2.793,2.203,137.080
-1.294,2.178,137.065
0.206,2.146,137.050
1.705,2.111,137.035
3.204,2.080,137.020
4.708,2.050,137.005
6.214,2.023,136.986
7.711,1.998,136.966
9.204,1.980,136.950
10.702,1.965,136.935
12.201,1.953,136.920
13.701,1.943,136.905
15.201,1.940,136.890
16.700,1.940,136.875
18.200,1.940,136.860
19.700,1.940,136.845
21.199,1.937,136.830
22.703,1.932,136.815
24.209,1.930,136.797
25.707,1.930,136.777
27.201,1.930,136.760
28.698,1.930,136.745
30.197,1.927,136.730
31.697,1.922,136.715
33.197,1.917,136.701
34.697,1.912,136.686
36.196,1.907,136.671
37.696,1.902,136.656
39.196,1.897,136.641
40.695,1.892,136.626
42.195,1.887,136.611
43.695,1.882,136.596
45.194,1.880,136.581
46.694,1.880,136.566
48.194,1.880,136.551
49.693,1.880,136.536
51.193,1.877,136.521
52.696,1.872,136.506
54.202,1.870,136.488
55.701,1.870,136.468
57.194,1.870,136.451
58.691,1.870,136.436
60.191,1.867,136.421
61.691,1.862,136.406
63.190,1.860,136.391
64.690,1.860,136.376
66.190,1.860,136.361
67.689,1.860,136.346
69.189,1.860,136.331
70.692,1.860,136.316
72.198,1.860,136.299
73.697,1.860,136.279
75.191,1.860,136.262
76.687,1.860,136.247
78.187,1.860,136.232
79.687,1.860,136.217
81.187,1.863,136.202
82.686,1.868,136.187
84.186,1.870,136.172
85.686,1.870,136.157
87.185,1.870,136.142
88.685,1.870,136.127
90.185,1.870,136.112
91.684,1.870,136.097
93.184,1.873,136.082
94.684,1.878,136.067
96.183,1.880,136.052
97.683,1.880,136.037
99.183,1.883,136.022
100.686,1.888,136.007
102.192,1.890,135.990
103.691,1.890,135.970
105.185,1.892,135.952
106.684,1.897,135.937
108.190,1.900,135.920
109.690,1.900,135.900
111.183,1.900,135.883
112.683,1.900,135.868
114.189,1.900,135.850
115.695,1.900,135.830
117.200,1.900,135.808
118.700,1.900,135.783
120.194,1.900,135.760
121.690,1.900,135.740
123.190,1.900,135.720
124.689,1.900,135.700
126.189,1.900,135.681
127.688,1.900,135.661
129.188,1.900,135.641
130.688,1.900,135.621
132.188,1.900,135.601
133.687,1.900,135.581
135.187,1.900,135.561
136.686,1.900,135.541
138.186,1.900,135.521
139.688,1.900,135.501
141.194,1.902,135.479
142.695,1.907,135.454
144.188,1.912,135.431
145.684,1.917,135.411
147.184,1.922,135.391
148.683,1.927,135.371
150.183,1.932,135.351
151.682,1.937,135.331
153.182,1.942,135.311
154.682,1.947,135.291
156.181,1.954,135.272
157.683,1.964,135.252
159.189,1.974,135.230
160.690,1.984,135.205
162.183,1.992,135.182
163.679,1.997,135.162
165.179,2.004,135.142
166.678,2.014,135.122
168.178,2.024,135.102
169.678,2.034,135.082
171.177,2.042,135.062
172.677,2.047,135.042
174.176,2.054,135.022
175.678,2.064,135.002
177.184,2.070,134.980
178.685,2.070,134.955
180.179,2.072,134.932
181.674,2.077,134.913
183.174,2.080,134.893
184.674,2.080,134.873
186.173,2.080,134.853
187.673,2.080,134.833
189.172,2.080,134.813
190.672,2.080,134.793
192.172,2.082,134.773
193.674,2.087,134.753
195.179,2.090,134.731
196.681,2.090,134.706
198.174,2.090,134.683
199.670,2.090,134.663
201.169,2.092,134.643
202.669,2.097,134.623
204.169,2.100,134.603
205.668,2.100,134.583
207.168,2.102,134.563
208.667,2.107,134.543
210.167,2.112,134.523
211.669,2.117,134.504
213.174,2.125,134.482
214.677,2.139,134.457
216.170,2.154,134.434
217.665,2.169,134.414
219.164,2.186,134.394
220.664,2.206,134.374
222.163,2.224,134.354
223.663,2.239,134.334
225.163,2.254,134.314
226.662,2.269,134.294
228.162,2.283,134.274
229.663,2.293,134.254
231.169,2.301,134.233
232.671,2.306,134.208
234.165,2.311,134.184
235.660,2.316,134.164
237.159,2.323,134.144
238.659,2.333,134.124
240.158,2.343,134.105
241.658,2.353,134.085
243.158,2.364,134.065
244.657,2.379,134.045
246.157,2.394,134.025
247.658,2.409,134.005
249.164,2.426,133.983
250.666,2.451,133.959
252.159,2.475,133.935
253.654,2.495,133.915
255.154,2.513,133.895
256.653,2.528,133.875
258.153,2.542,133.855
259.652,2.552,133.835
261.152,2.562,133.815
262.653,2.572,133.795
264.159,2.582,133.774
265.662,2.592,133.749
267.155,2.601,133.725
268.650,2.606,133.706
270.149,2.612,133.686
271.649,2.622,133.666
273.149,2.633,133.646
274.648,2.648,133.626
276.148,2.663,133.606
277.647,2.678,133.586
279.147,2.694,133.566
280.647,2.714,133.546
282.153,2.735,133.525
283.656,2.759,133.500
285.149,2.784,133.476
286.644,2.809,133.456
288.143,2.834,133.436
289.643,2.859,133.416
291.142,2.884,133.396
292.641,2.909,133.376
294.141,2.935,133.356
295.640,2.965,133.336
297.140,2.994,133.316
298.640,3.019,133.297
300.146,3.045,133.276
301.649,3.080,133.251
303.142,3.115,133.227
304.636,3.150,133.207
306.135,3.185,133.187
307.634,3.225,133.167
309.133,3.267,133.147
310.632,3.317,133.127
312.131,3.367,133.107
313.631,3.422,133.087
315.142,3.476,133.066
316.652,3.531,133.036
318.157,3.587,133.005
319.663,3.647,132.970
321.173,3.706,132.934
322.684,3.766,132.889
324.201,3.826,132.842
325.716,3.886,132.781
327.220,3.946,132.721
328.722,4.005,132.656
330.220,4.065,132.591
331.717,4.125,132.526
333.214,4.185,132.461
334.712,4.245,132.396
336.208,4.305,132.332
337.705,4.364,132.267
339.196,4.424,132.203
340.688,4.484,132.143
342.192,4.543,132.083
343.695,4.603,132.018
345.192,4.663,131.953
346.689,4.723,131.888
348.186,4.782,131.824
349.684,4.842,131.759
351.181,4.902,131.694
352.678,4.962,131.629
354.175,5.022,131.564
355.672,5.082,131.500
357.169,5.141,131.435
358.667,5.201,131.370
360.164,5.261,131.305
361.661,5.321,131.241
363.158,5.381,131.176
364.655,5.440,131.111
366.152,5.500,131.046
367.649,5.560,130.981
369.147,5.620,130.917
370.644,5.680,130.852
372.141,5.739,130.787
373.638,5.794,130.722
375.136,5.849,130.658
376.634,5.889,130.593
378.132,5.929,130.528
379.630,5.959,130.463
381.121,5.989,130.398
382.613,6.014,130.339
384.118,6.039,130.279
385.622,6.059,130.214
387.121,6.079,130.149
388.619,6.104,130.084
390.117,6.129,130.019
391.615,6.159,129.954
393.113,6.189,129.890
394.611,6.223,129.825
396.109,6.258,129.760
397.607,6.293,129.695
399.105,6.328,129.630
400.603,6.363,129.566
402.101,6.398,129.501
403.599,6.428,129.436
405.097,6.458,129.371
406.595,6.483,129.306
408.093,6.508,129.241
409.591,6.533,129.177
411.090,6.558,129.112
412.588,6.587,129.047
414.086,6.617,128.982
415.583,6.661,128.917
417.081,6.706,128.853
418.578,6.755,128.788
420.076,6.805,128.723
421.574,6.864,128.658
423.065,6.923,128.594
424.556,6.983,128.534
426.058,7.043,128.474
427.562,7.099,128.409
429.060,7.153,128.344
430.558,7.208,128.280
432.055,7.263,128.215
433.553,7.305,128.150
435.050,7.345,128.085
436.548,7.380,128.020
438.046,7.415,127.955
439.544,7.441,127.891
441.042,7.466,127.826
442.541,7.491,127.761
444.039,7.516,127.696
445.537,7.545,127.631
447.035,7.575,127.567
448.533,7.605,127.502
450.031,7.635,127.437
451.529,7.665,127.372
453.027,7.695,127.307
454.525,7.725,127.242
456.023,7.755,127.178
457.522,7.785,127.113
459.020,7.815,127.048
460.517,7.840,126.983
462.016,7.865,126.918
463.514,7.890,126.854
465.007,7.915,126.789
466.499,7.940,126.728
468.001,7.965,126.669
469.506,7.990,126.604
471.005,8.015,126.539
472.503,8.036,126.475
474.001,8.056,126.410
475.500,8.072,126.345
476.998,8.087,126.280
478.497,8.106,126.215
480.000,8.126,126.150
481.504,8.146,126.081
483.033,8.166,126.009
484.568,8.194,125.914
486.153,8.224,125.807
487.746,8.254,125.633
489.392,8.284,125.430
491.031,8.318,125.112
492.667,8.354,124.759
494.269,8.393,124.292
495.822,8.434,123.809
497.339,8.470,123.253
498.802,8.505,122.699
500.241,8.535,122.115
501.638,8.565,121.540
503.027,8.600,120.966
504.419,8.634,120.390
505.810,8.665,119.808
507.188,8.695,119.231
508.566,8.729,118.660
509.954,8.764,118.086
511.344,8.795,117.507
512.726,8.825,116.930
514.107,8.863,116.356
515.496,8.903,115.780
516.884,8.943,115.199
518.262,8.983,114.622
519.639,9.035,114.051
521.027,9.090,113.477
522.416,9.144,112.899
523.797,9.199,112.322
525.178,9.258,111.748
526.566,9.318,111.172
527.954,9.378,110.592
529.331,9.438,110.015
530.708,9.494,109.444
532.097,9.548,108.869
533.488,9.595,108.288
534.883,9.640,107.704
536.275,9.670,107.112
537.709,9.695,106.498
539.136,9.712,105.837
540.676,9.727,105.102
542.160,9.734,104.212
543.755,9.740,103.183
545.162,9.740,101.886
546.518,9.740,100.510
547.601,9.740,98.921
548.532,9.740,97.438
549.298,9.740,95.891
549.982,9.740,94.452
550.606,9.740,93.003
551.205,9.739,91.601
551.787,9.734,90.199
552.362,9.726,88.813
552.938,9.711,87.427
553.514,9.693,86.036
554.086,9.663,84.647
554.654,9.624,83.269
555.229,9.559,81.891
555.805,9.487,80.506
556.380,9.397,79.122
556.954,9.305,77.739
557.528,9.205,76.357
558.101,9.105,74.975
558.675,9.006,73.593
559.249,8.907,72.211
559.823,8.812,70.829
560.397,8.720,69.446
560.971,8.635,68.064
561.545,8.553,66.683
562.121,8.483,65.300
562.699,8.417,63.909
563.271,8.362,62.518
563.840,8.309,61.138
564.413,8.264,59.758
564.988,8.224,58.373
565.563,8.199,56.988
566.138,8.176,55.603
566.713,8.161,54.218
567.288,8.149,52.833
567.872,8.144,51.426
568.466,8.140,49.943
569.007,8.140,48.423
569.508,8.137,46.918
570.017,8.131,45.229
570.375,8.130,43.256
570.399,8.122,40.831
569.360,8.103,37.908
567.087,8.081,35.785
564.741,8.053,34.809
562.747,8.012,34.444
561.064,7.963,34.271
559.440,7.911,34.157
557.862,7.846,34.104
556.302,7.779,34.060
554.751,7.705,34.060
553.253,7.628,34.060
551.756,7.533,34.060
550.259,7.437,34.060
548.763,7.333,34.060
547.267,7.228,34.060
545.771,7.124,34.060
544.275,7.019,34.060
542.779,6.909,34.060
541.283,6.800,34.060
539.787,6.696,34.060
538.284,6.593,34.060
536.780,6.503,34.065
535.264,6.415,34.072
533.748,6.350,34.092
532.243,6.286,34.112
530.738,6.226,34.137
529.220,6.167,34.163
527.704,6.107,34.204
526.200,6.047,34.244
524.696,5.987,34.289
523.192,5.927,34.334
521.688,5.868,34.384
520.196,5.808,34.434
518.704,5.748,34.478
517.200,5.688,34.524
515.697,5.628,34.573
514.205,5.568,34.623
512.713,5.504,34.668
511.209,5.439,34.713
509.706,5.369,34.763
508.215,5.299,34.812
506.724,5.230,34.857
