-35.707,2.240,-237.622
-35.767,2.235,-236.123
-35.827,2.230,-234.624
-35.887,2.225,-233.125
-35.948,2.220,-231.626
-36.008,2.220,-230.127
-36.068,2.220,-228.628
-36.128,2.215,-227.129
-36.188,2.210,-225.630
-36.248,2.210,-224.131
-36.308,2.210,-222.632
-36.368,2.210,-221.133
-36.428,2.210,-219.640
-36.493,2.210,-218.146
-36.558,2.210,-216.647
-36.623,2.210,-215.149
-36.688,2.210,-213.656
-36.758,2.210,-212.162
-36.828,2.210,-210.664
-36.898,2.210,-209.165
-36.969,2.210,-207.672
-37.043,2.215,-206.179
-37.119,2.220,-204.675
-37.189,2.220,-203.171
-37.259,2.220,-201.673
-37.329,2.225,-200.174
-37.399,2.230,-198.676
-37.469,2.235,-197.177
-37.539,2.240,-195.678
-37.610,2.245,-194.180
-37.680,2.250,-192.687
-37.755,2.255,-191.194
-37.830,2.260,-189.690
-37.900,2.265,-188.186
-37.970,2.271,-186.693
-38.045,2.281,-185.200
-38.120,2.290,-183.713
-38.205,2.295,-182.227
-38.290,2.300,-180.752
-38.393,2.305,-179.278
-38.499,2.311,-177.809
-38.626,2.321,-176.340
-38.756,2.330,-174.857
-38.895,2.335,-173.375
-39.035,2.340,-171.892
-39.185,2.345,-170.409
-39.335,2.350,-168.911
-39.481,2.355,-167.413
-39.626,2.360,-165.926
-39.776,2.360,-164.438
-39.926,2.360,-162.945
-40.076,2.365,-161.453
-40.227,2.370,-159.960
-40.377,2.375,-158.467
-40.527,2.380,-156.975
-40.677,2.380,-155.482
-40.828,2.380,-153.989
-40.978,2.385,-152.499
-41.128,2.390,-151.029
-41.295,2.396,-149.565
-41.464,2.401,-148.131
-41.677,2.406,-146.713
-41.892,2.411,-145.349
-42.194,2.416,-144.006
-42.506,2.421,-142.683
-42.918,2.432,-141.385
-43.351,2.441,-140.060
-43.859,2.446,-138.750
-44.390,2.452,-137.397
-44.955,2.462,-136.054
-45.530,2.473,-134.695
-46.121,2.488,-133.346
-46.715,2.502,-132.005
-47.322,2.512,-130.693
-47.916,2.523,-129.459
-48.579,2.538,-128.283
-49.250,2.555,-127.160
-50.010,2.576,-126.115
-50.800,2.595,-125.108
-51.697,2.610,-124.166
-52.661,2.627,-123.205
-53.698,2.647,-122.283
-54.784,2.669,-121.340
-55.903,2.694,-120.415
-57.046,2.717,-119.480
-58.189,2.737,-118.561
-59.328,2.759,-117.667
-60.482,2.784,-116.798
-61.642,2.809,-115.950
-62.822,2.834,-115.130
-64.013,2.861,-114.326
-65.236,2.891,-113.544
-66.483,2.919,-112.755
-67.740,2.944,-111.976
-69.005,2.971,-111.198
-70.278,3.001,-110.426
-71.557,3.031,-109.651
-72.836,3.061,-108.879
-74.115,3.091,-108.111
-75.395,3.121,-107.347
-76.675,3.151,-106.588
-77.959,3.181,-105.834
-79.248,3.211,-105.081
-80.539,3.241,-104.330
-81.833,3.272,-103.581
-83.127,3.307,-102.834
-84.421,3.341,-102.091
-85.724,3.371,-101.347
-87.037,3.402,-100.592
-88.344,3.437,-99.830
-89.646,3.470,-99.067
-90.951,3.500,-98.296
-92.261,3.532,-97.512
-93.565,3.567,-96.712
-94.865,3.600,-95.903
-96.149,3.630,-95.081
-97.421,3.660,-94.262
-98.689,3.690,-93.437
-99.956,3.720,-92.606
-101.222,3.750,-91.766
-102.490,3.780,-90.914
-103.759,3.810,-90.040
-105.039,3.838,-89.132
-106.302,3.864,-88.182
-107.559,3.889,-87.195
-108.780,3.914,-86.157
-109.978,3.939,-85.088
-111.125,3.964,-83.980
-112.237,3.987,-82.867
-113.317,4.008,-81.724
-114.376,4.028,-80.568
-115.425,4.048,-79.362
-116.459,4.068,-78.087
-117.458,4.089,-76.715
-118.386,4.107,-75.241
-119.206,4.123,-73.669
-119.884,4.136,-72.051
-120.433,4.146,-70.418
-120.865,4.159,-68.807
-121.218,4.174,-67.239
-121.524,4.183,-65.705
-121.802,4.188,-64.194
-122.066,4.193,-62.698
-122.323,4.198,-61.210
-122.575,4.203,-59.726
-122.826,4.208,-58.249
-123.079,4.213,-56.776
-123.335,4.218,-55.296
-123.588,4.220,-53.812
-123.840,4.220,-52.323
-124.086,4.220,-50.831
-124.331,4.220,-49.317
-124.551,4.220,-47.789
-124.758,4.220,-46.251
-124.932,4.217,-44.706
-125.088,4.212,-43.161
-125.212,4.210,-41.616
-125.320,4.210,-40.077
-125.404,4.210,-38.540
-125.475,4.210,-37.026
-125.542,4.210,-35.521
-125.607,4.210,-34.017
-125.669,4.207,-32.512
-125.729,4.202,-31.015
-125.792,4.200,-29.522
-125.857,4.200,-28.021
-125.919,4.200,-26.517
-125.980,4.200,-25.016
-126.040,4.200,-23.517
-126.100,4.200,-22.018
-126.160,4.200,-20.519
-126.220,4.200,-19.020
-126.280,4.200,-17.521
-126.340,4.200,-16.014
-126.394,4.200,-14.504
-126.444,4.200,-12.989
-126.484,4.200,-11.473
-126.519,4.200,-9.961
-126.548,4.200,-8.450
-126.573,4.200,-6.935
-126.587,4.200,-5.418
-126.597,4.200,-3.913
-126.607,4.196,-2.413
-126.617,4.191,-0.909
-126.624,4.186,0.597
-126.629,4.181,2.094
-126.637,4.180,3.589
-126.647,4.180,5.092
-126.654,4.176,6.598
-126.659,4.171,8.099
-126.664,4.166,9.599
-126.669,4.161,11.095
-126.677,4.153,12.590
-126.687,4.143,14.093
-126.694,4.136,15.599
-126.699,4.131,17.096
-126.707,4.126,18.591
-126.717,4.121,20.094
-126.724,4.116,21.600
-126.729,4.111,23.097
-126.738,4.102,24.592
-126.748,4.092,26.095
-126.754,4.086,27.600
-126.759,4.081,29.098
-126.768,4.076,30.592
-126.778,4.071,32.091
-126.788,4.066,33.591
-126.798,4.061,35.092
-126.808,4.056,36.592
-126.818,4.051,38.092
-126.828,4.046,39.592
-126.838,4.041,41.097
-126.844,4.040,42.602
-126.849,4.040,44.099
-126.858,4.036,45.594
-126.868,4.031,47.093
-126.878,4.026,48.593
-126.888,4.021,50.093
-126.898,4.020,51.594
-126.908,4.020,53.098
-126.914,4.020,54.604
-126.919,4.020,56.096
-126.932,4.016,57.586
-126.947,4.011,59.083
-126.962,4.010,60.584
-126.977,4.010,62.075
-127.000,4.010,63.564
-127.024,4.010,65.048
-127.061,4.010,66.532
-127.101,4.010,68.019
-127.149,4.010,69.508
-127.199,4.010,71.001
-127.252,4.006,72.494
-127.308,4.001,73.997
-127.359,4.000,75.502
-127.409,4.000,76.998
-127.463,4.000,78.492
-127.518,4.000,79.990
-127.573,4.000,81.489
-127.628,4.000,82.988
-127.683,4.000,84.487
-127.738,4.000,85.986
-127.793,4.000,87.486
-127.848,4.000,88.985
-127.904,4.004,90.484
-127.959,4.009,91.983
-128.014,4.010,93.482
-128.069,4.010,94.986
-128.120,4.014,96.491
-128.170,4.019,97.987
-128.224,4.020,99.480
-128.279,4.020,100.974
-128.338,4.024,102.468
-128.398,4.029,103.956
-128.466,4.034,105.444
-128.535,4.039,106.917
-128.625,4.044,108.387
-128.719,4.049,109.866
-128.826,4.059,111.346
-128.934,4.069,112.821
-129.060,4.074,114.293
-129.190,4.079,115.780
-129.324,4.089,117.269
-129.459,4.099,118.758
-129.598,4.104,120.246
-129.738,4.109,121.744
-129.874,4.119,123.243
-130.009,4.129,124.733
-130.149,4.139,126.221
-130.289,4.149,127.719
-130.425,4.159,129.219
-130.560,4.169,130.714
-130.696,4.179,132.207
-130.831,4.189,133.706
-130.963,4.199,135.206
-131.093,4.209,136.701
-131.223,4.223,138.196
-131.354,4.238,139.700
-131.477,4.249,141.206
-131.597,4.259,142.703
-131.717,4.273,144.199
-131.838,4.288,145.699
-131.954,4.304,147.199
-132.069,4.319,148.696
-132.185,4.334,150.192
-132.300,4.349,151.688
-132.415,4.364,153.184
-132.530,4.379,154.684
-132.641,4.398,156.185
-132.753,4.418,157.692
-132.854,4.434,159.200
-132.957,4.449,160.733
-133.027,4.468,162.270
-133.094,4.488,163.818
-133.118,4.509,165.367
-133.139,4.529,166.902
-133.131,4.549,168.435
-133.120,4.569,169.958
-133.091,4.589,171.480
-133.061,4.609,172.981
-133.031,4.629,174.481
-133.001,4.649,175.986
-132.966,4.669,177.491
-132.931,4.689,179.006
-132.881,4.714,180.522
-132.829,4.739,182.070
-132.733,4.759,183.617
-132.632,4.779,185.190
-132.462,4.799,186.759
-132.288,4.819,188.317
-132.054,4.839,189.867
-131.821,4.860,191.394
-131.549,4.875,192.914
-131.280,4.890,194.413
-130.991,4.910,195.908
-130.699,4.930,197.409
-130.382,4.945,198.905
-130.057,4.960,200.433
-129.677,4.975,201.948
-129.281,4.990,203.514
-128.779,5.000,205.054
-128.250,5.010,206.641
-127.563,5.021,208.186
-126.803,5.031,209.797
-125.774,5.042,211.343
-124.583,5.051,212.875
-122.961,5.057,214.267
-121.166,5.060,215.317
-119.063,5.060,216.054
-117.053,5.064,216.252
-115.172,5.070,216.282
-113.406,5.065,216.034
-111.820,5.060,215.791
-110.257,5.055,215.461
-108.775,5.050,215.145
-107.296,5.045,214.817
-105.822,5.039,214.489
-104.350,5.024,214.154
-102.868,5.009,213.814
-101.385,4.994,213.457
-99.815,4.979,213.071
-98.267,4.959,212.582
-96.606,4.939,212.032
-95.019,4.919,211.257
-93.382,4.898,210.394
-91.911,4.872,209.242
-90.540,4.847,208.075
-89.361,4.827,206.728
-88.295,4.805,205.446
-87.345,4.780,204.095
-86.457,4.756,202.806
-85.613,4.736,201.494
-84.790,4.715,200.202
-83.988,4.690,198.900
-83.194,4.665,197.603
-82.414,4.640,196.301
-81.639,4.615,195.005
-80.869,4.590,193.701
-80.095,4.565,192.380
-79.339,4.540,191.043
-78.586,4.515,189.692
-77.861,4.490,188.320
-77.140,4.464,186.924
-76.468,4.434,185.508
-75.813,4.405,184.104
-75.194,4.380,182.689
-74.587,4.354,181.291
-73.997,4.329,179.888
-73.413,4.304,178.493
-72.837,4.279,177.093
-72.263,4.253,175.686
-71.700,4.223,174.272
-71.141,4.194,172.851
-70.600,4.169,171.422
-70.065,4.143,169.989
-69.550,4.113,168.552
-69.042,4.084,167.122
-68.545,4.059,165.689
-68.053,4.033,164.259
-67.569,4.003,162.828
-67.088,3.974,161.402
-66.610,3.949,159.973
-66.133,3.923,158.538
-65.665,3.893,157.102
-65.199,3.863,155.671
-64.736,3.833,154.236
-64.273,3.804,152.790
-63.823,3.779,151.344
-63.377,3.753,149.907
-62.934,3.722,148.468
-62.493,3.692,147.027
-62.056,3.662,145.587
-61.621,3.634,144.151
-61.186,3.609,142.716
-60.751,3.582,141.282
-60.315,3.552,139.851
-59.879,3.523,138.425
-59.437,3.498,136.998
-58.992,3.472,135.561
-58.551,3.442,134.128
-58.111,3.413,132.705
-57.662,3.388,131.280
-57.212,3.362,129.844
-56.766,3.332,128.411
-56.321,3.303,126.991
-55.869,3.278,125.575
-55.414,3.252,124.162
-54.951,3.222,122.758
-54.484,3.193,121.371
-53.995,3.168,119.994
-53.498,3.143,118.623
-52.975,3.118,117.260
-52.442,3.093,115.893
-51.887,3.068,114.527
-51.323,3.043,113.144
-50.755,3.018,111.765
-50.186,2.993,110.391
-49.613,2.968,109.026
-49.037,2.943,107.681
-48.444,2.918,106.354
-47.844,2.892,105.055
-47.211,2.867,103.784
-46.565,2.844,102.545
-45.861,2.824,101.329
-45.132,2.802,100.109
-44.357,2.777,98.905
-43.559,2.752,97.687
-42.735,2.727,96.477
-41.896,2.703,95.256
-41.053,2.683,94.048
-40.209,2.662,92.862
-39.347,2.637,91.695
-38.477,2.612,90.546
-37.583,2.586,89.421
-36.677,2.563,88.316
-35.737,2.543,87.232
-34.778,2.523,86.151
-33.790,2.503,85.086
-32.784,2.481,84.015
-31.767,2.456,82.959
-30.745,2.433,81.915
-29.719,2.413,80.899
-28.697,2.393,79.922
-27.652,2.373,78.991
-26.600,2.353,78.103
-25.502,2.332,77.261
-24.373,2.312,76.437
-23.199,2.292,75.647
-21.992,2.272,74.858
-20.759,2.252,74.089
-19.505,2.232,73.320
-18.247,2.212,72.566
-16.987,2.192,71.827
-15.732,2.172,71.115
-14.487,2.154,70.441
-13.227,2.139,69.809
-11.960,2.124,69.211
-10.658,2.109,68.653
-9.328,2.092,68.106
-7.978,2.072,67.585
-6.610,2.054,67.073
-5.226,2.039,66.577
-3.825,2.024,66.081
-2.431,2.009,65.595
-1.046,1.994,65.127
0.333,1.979,64.681
1.701,1.964,64.265
3.072,1.949,63.886
4.438,1.934,63.541
5.828,1.919,63.237
7.243,1.906,62.949
8.672,1.896,62.687
10.116,1.886,62.436
11.571,1.876,62.201
13.037,1.864,61.970
14.489,1.849,61.750
15.920,1.836,61.552
17.344,1.826,61.385
18.754,1.816,61.248
20.159,1.806,61.154
21.552,1.798,61.097
22.958,1.793,61.093
24.381,1.786,61.116
25.819,1.776,61.179
27.279,1.768,61.256
28.742,1.763,61.354
30.210,1.758,61.462
31.666,1.753,61.584
33.104,1.750,61.725
34.527,1.750,61.892
35.929,1.748,62.087
37.327,1.743,62.324
38.724,1.740,62.590
40.125,1.740,62.896
41.537,1.742,63.224
42.950,1.747,63.578
44.370,1.752,63.947
45.779,1.757,64.331
47.175,1.762,64.730
48.545,1.767,65.147
49.879,1.774,65.589
51.179,1.784,66.067
52.437,1.797,66.583
53.686,1.812,67.167
54.941,1.825,67.794
56.189,1.835,68.468
57.439,1.847,69.172
58.666,1.862,69.898
59.867,1.880,70.648
61.027,1.900,71.416
62.135,1.920,72.214
63.198,1.940,73.049
64.211,1.960,73.927
65.190,1.981,74.860
66.140,2.003,75.846
67.068,2.029,76.882
67.976,2.054,77.958
68.839,2.079,79.034
69.635,2.104,80.133
70.374,2.130,81.234
71.025,2.158,82.370
71.623,2.189,83.526
72.133,2.220,84.732
72.613,2.251,86.000
73.040,2.281,87.319
73.454,2.311,88.688
73.844,2.345,90.086
74.229,2.380,91.513
74.610,2.415,92.953
74.988,2.450,94.391
75.358,2.489,95.830
75.720,2.529,97.254
76.057,2.569,98.677
76.383,2.609,100.091
76.676,2.649,101.509
76.956,2.689,102.931
77.205,2.733,104.359
77.445,2.778,105.800
77.663,2.823,107.250
77.877,2.868,108.720
78.088,2.913,110.199
78.296,2.958,111.674
78.498,3.007,113.150
78.699,3.057,114.637
78.904,3.107,116.127
79.107,3.157,117.601
79.299,3.207,119.072
79.488,3.257,120.546
79.669,3.307,122.023
79.846,3.357,123.493
80.009,3.411,124.962
80.168,3.466,126.434
80.315,3.522,127.909
80.460,3.577,129.392
80.600,3.632,130.879
80.740,3.686,132.371
80.880,3.742,133.864
81.020,3.797,135.352
81.156,3.852,136.840
81.292,3.907,138.340
81.435,3.966,139.842
81.580,4.025,141.337
81.726,4.082,142.830
81.872,4.137,144.331
82.025,4.192,145.833
82.182,4.247,147.335
82.346,4.306,148.837
82.512,4.366,150.333
82.682,4.422,151.828
82.852,4.477,153.323
83.027,4.532,154.818
83.203,4.587,156.308
83.378,4.642,157.796
83.553,4.697,159.290
83.733,4.749,160.785
83.916,4.799,162.296
84.120,4.853,163.810
84.332,4.908,165.335
84.575,4.959,166.860
84.830,5.009,168.391
85.125,5.056,169.918
85.429,5.101,171.430
85.760,5.150,172.933
86.096,5.200,174.418
86.442,5.246,175.894
86.791,5.291,177.365
87.147,5.332,178.833
87.508,5.372,180.311
87.886,5.412,181.787
88.281,5.452,183.304
88.735,5.489,184.816
89.229,5.524,186.394
89.853,5.556,187.938
90.518,5.586,189.490
91.322,5.617,190.968
92.133,5.647,192.401
93.039,5.678,193.763
93.935,5.708,195.080
94.890,5.729,196.349
95.854,5.749,197.616
96.880,5.774,198.832
97.934,5.799,200.069
99.072,5.815,201.229
100.225,5.830,202.389
101.461,5.845,203.457
102.670,5.860,204.494
103.930,5.875,205.463
105.171,5.890,206.415
106.446,5.895,207.320
107.732,5.900,208.230
109.056,5.905,209.083
110.401,5.910,209.944
111.791,5.915,210.729
113.164,5.920,211.500
114.568,5.915,212.211
115.969,5.910,212.918
117.398,5.905,213.567
118.833,5.900,214.216
120.296,5.890,214.804
121.789,5.880,215.397
123.316,5.870,215.899
124.842,5.859,216.392
126.394,5.839,216.797
127.952,5.819,217.194
129.533,5.799,217.498
131.145,5.778,217.795
132.781,5.753,217.970
134.457,5.727,218.126
136.148,5.697,218.119
137.837,5.666,218.081
139.522,5.636,217.878
141.199,5.604,217.638
142.859,5.563,217.234
144.516,5.522,216.777
146.137,5.481,216.144
147.740,5.439,215.438
149.272,5.392,214.546
150.744,5.344,213.580
152.123,5.293,212.446
153.416,5.239,211.234
154.589,5.182,209.878
155.643,5.125,208.464
156.578,5.068,206.935
157.371,5.011,205.347
158.031,4.954,203.687
158.532,4.895,202.006
158.916,4.833,200.298
159.150,4.771,198.593
159.294,4.710,196.889
159.309,4.649,195.201
159.256,4.588,193.526
159.093,4.531,191.875
158.882,4.475,190.248
158.583,4.416,188.648
158.252,4.355,187.074
157.854,4.299,185.525
157.429,4.244,183.978
156.932,4.192,182.453
156.416,4.142,180.955
155.851,4.088,179.484
155.275,4.032,178.034
154.664,3.981,176.605
154.050,3.931,175.197
153.416,3.885,173.802
152.783,3.840,172.425
152.144,3.791,171.055
151.503,3.741,169.688
150.856,3.699,168.324
150.206,3.659,166.959
149.549,3.615,165.598
148.894,3.570,164.248
148.242,3.529,162.900
147.589,3.489,161.549
146.933,3.448,160.197
146.279,3.409,158.847
145.624,3.372,157.498
144.973,3.337,156.155
144.329,3.298,154.812
143.687,3.258,153.469
143.054,3.218,152.124
142.437,3.178,150.807
141.858,3.142,149.483
141.291,3.107,148.162
140.767,3.068,146.826
140.253,3.028,145.488
139.784,2.988,144.134
139.315,2.948,142.747
138.863,2.908,141.346
138.412,2.867,139.932
137.968,2.827,138.513
137.523,2.787,137.083
137.077,2.751,135.651
136.632,2.716,134.219
136.186,2.677,132.787
135.740,2.637,131.355
135.295,2.597,129.923
134.851,2.557,128.496
134.412,2.521,127.069
133.971,2.486,125.631
133.525,2.447,124.192
133.079,2.407,122.759
132.633,2.367,121.327
132.187,2.327,119.895
131.742,2.291,118.463
131.296,2.256,117.031
130.850,2.221,115.599
130.406,2.186,114.171
129.966,2.151,112.743
129.524,2.116,111.307
129.079,2.081,109.871
128.635,2.046,108.437
128.189,2.011,107.003
127.743,1.976,105.571
127.297,1.945,104.139
126.852,1.915,102.706
126.406,1.885,101.274
125.962,1.855,99.846
125.521,1.820,98.418
125.080,1.785,96.982
124.635,1.755,95.546
124.190,1.725,94.112
123.744,1.695,92.678
123.298,1.665,91.245
122.853,1.634,89.813
122.408,1.604,88.385
121.968,1.574,86.957
121.526,1.544,85.520
121.079,1.514,84.082
120.635,1.484,82.655
120.196,1.454,81.228
119.757,1.424,79.794
119.315,1.398,78.358
118.876,1.373,76.930
118.442,1.344,75.502
118.008,1.314,74.071
117.579,1.284,72.640
117.147,1.254,71.199
116.711,1.228,69.759
116.277,1.203,68.327
115.847,1.178,66.895
115.417,1.153,65.459
114.986,1.124,64.022
114.554,1.094,62.580
114.116,1.068,61.138
113.681,1.043,59.707
113.252,1.018,58.277
112.820,0.993,56.837
112.384,0.968,55.396
111.950,0.943,53.964
111.521,0.918,52.533
111.090,0.893,51.097
110.660,0.868,49.660
110.228,0.843,48.218
109.792,0.818,46.778
109.358,0.793,45.346
108.928,0.772,43.914
108.496,0.752,42.473
108.060,0.728,41.033
107.626,0.703,39.601
107.197,0.682,38.169
106.765,0.662,36.728
106.329,0.642,35.288
105.894,0.622,33.855
105.463,0.602,32.422
105.031,0.582,30.987
104.601,0.562,29.551
104.169,0.542,28.110
103.733,0.522,26.669
103.299,0.502,25.238
102.870,0.482,23.806
102.438,0.462,22.365
102.001,0.446,20.924
101.568,0.431,19.493
101.138,0.416,18.061
100.708,0.401,16.624
100.277,0.382,15.187
99.845,0.362,13.746
99.409,0.351,12.305
98.975,0.341,10.873
98.545,0.326,9.442
98.113,0.311,8.000
97.677,0.296,6.560
97.243,0.281,5.127
96.811,0.271,3.694
96.380,0.261,2.259
95.950,0.251,0.823
95.518,0.241,-0.618
95.081,0.231,-2.059
94.647,0.221,-3.491
94.218,0.211,-4.922
93.786,0.201,-6.364
93.350,0.191,-7.805
92.916,0.181,-9.236
92.486,0.175,-10.668
92.056,0.170,-12.105
91.625,0.161,-13.542
91.195,0.151,-14.979
90.764,0.145,-16.416
90.333,0.140,-17.853
89.903,0.131,-19.290
89.472,0.120,-20.727
89.042,0.115,-22.164
88.611,0.110,-23.601
88.180,0.105,-25.038
87.751,0.100,-26.471
87.326,0.095,-27.904
86.899,0.090,-29.347
86.467,0.085,-30.789
86.036,0.080,-32.226
85.606,0.070,-33.664
85.176,0.060,-35.099
84.747,0.055,-36.535
84.317,0.050,-37.974
83.886,0.045,-39.413
83.457,0.040,-40.845
83.032,0.035,-42.278
82.605,0.030,-43.721
82.173,0.025,-45.164
81.742,0.020,-46.601
81.311,0.020,-48.038
80.881,0.020,-49.475
80.450,0.015,-50.912
80.021,0.010,-52.344
79.596,0.010,-53.778
79.169,0.010,-55.221
78.737,0.005,-56.663
78.306,0.000,-58.100
77.876,0.000,-59.537
77.445,0.000,-60.974
77.014,0.000,-62.412
76.585,0.000,-63.844
76.161,0.000,-65.277
75.734,0.000,-66.719
75.303,0.000,-68.160
74.874,0.000,-69.599
74.443,0.005,-71.038
74.012,0.010,-72.475
73.581,0.010,-73.912
73.151,0.010,-75.349
72.720,0.015,-76.786
72.291,0.020,-78.218
71.866,0.020,-79.651
71.439,0.020,-81.095
71.007,0.025,-82.537
70.576,0.030,-83.974
70.145,0.035,-85.411
69.715,0.040,-86.848
69.284,0.045,-88.285
68.855,0.050,-89.717
68.431,0.055,-91.151
68.003,0.060,-92.594
67.571,0.070,-94.036
67.140,0.080,-95.473
66.710,0.085,-96.911
66.280,0.090,-98.346
65.851,0.095,-99.782
65.421,0.100,-101.221
64.990,0.110,-102.660
64.559,0.120,-104.097
64.129,0.125,-105.534
63.696,0.130,-106.978
63.257,0.135,-108.420
62.817,0.140,-109.865
62.368,0.150,-111.307
61.921,0.160,-112.745
61.469,0.165,-114.181
61.017,0.170,-115.617
60.560,0.175,-117.051
60.107,0.180,-118.477
59.656,0.185,-119.904
59.205,0.190,-121.333
58.755,0.201,-122.763
58.303,0.210,-124.199
57.847,0.215,-125.633
57.393,0.220,-127.059
56.942,0.225,-128.487
56.489,0.231,-129.921
56.033,0.241,-131.353
55.580,0.250,-132.778
55.131,0.255,-134.204
54.681,0.260,-135.637
54.228,0.265,-137.069
53.775,0.271,-138.503
53.319,0.281,-139.936
52.866,0.290,-141.360
52.417,0.295,-142.787
51.965,0.300,-144.225
51.506,0.305,-145.659
51.053,0.311,-147.082
50.604,0.321,-148.507
50.154,0.331,-149.938
49.704,0.341,-151.369
49.251,0.350,-152.805
48.795,0.355,-154.239
48.342,0.361,-155.666
47.891,0.371,-157.093
47.440,0.381,-158.522
46.990,0.391,-159.952
46.537,0.401,-161.388
46.081,0.411,-162.822
45.628,0.421,-164.248
45.177,0.431,-165.676
44.724,0.440,-167.109
44.268,0.445,-168.542
43.815,0.451,-169.966
43.366,0.461,-171.393
42.915,0.471,-172.826
42.463,0.481,-174.258
42.010,0.491,-175.692
41.554,0.501,-177.124
41.101,0.511,-178.549
40.652,0.521,-179.976
40.199,0.532,-181.413
39.741,0.547,-182.847
39.288,0.561,-184.270
38.839,0.571,-185.695
38.389,0.581,-187.126
37.938,0.591,-188.558
37.485,0.601,-189.995
37.027,0.611,-191.430
36.574,0.621,-192.852
36.125,0.631,-194.279
35.670,0.641,-195.721
35.205,0.651,-197.160
34.742,0.662,-198.592
34.275,0.677,-200.024
33.805,0.691,-201.461
33.325,0.701,-202.895
32.844,0.712,-204.328
32.356,0.727,-205.757
31.868,0.742,-207.183
31.375,0.757,-208.607
30.882,0.772,-210.029
30.385,0.787,-211.449
29.890,0.802,-212.865
29.395,0.817,-214.280
28.902,0.832,-215.692
28.412,0.847,-217.106
27.919,0.862,-218.528
27.422,0.877,-219.948
26.927,0.892,-221.364
26.431,0.907,-222.780
25.935,0.922,-224.198
25.438,0.937,-225.614
24.944,0.952,-227.023
24.455,0.967,-228.436
23.962,0.983,-229.858
23.465,1.003,-231.278
22.970,1.022,-232.694
22.475,1.037,-234.109
21.982,1.052,-235.521
21.492,1.067,-236.935
20.999,1.082,-238.357
20.502,1.097,-239.777
20.007,1.112,-241.193
19.512,1.127,-242.609
19.019,1.142,-244.020
18.529,1.157,-245.434
18.036,1.172,-246.856
17.539,1.187,-248.276
17.043,1.202,-249.692
16.548,1.217,-251.108
16.053,1.232,-252.524
15.548,1.247,-253.968
14.964,1.262,-255.537
14.260,1.276,-257.030
13.610,1.296,-258.390
12.961,1.319,-259.745
12.316,1.348,-261.091
11.674,1.369,-262.444
11.026,1.394,-263.803
10.380,1.422,-265.153
9.739,1.450,-266.506
9.089,1.474,-267.866
8.440,1.497,-269.221
7.794,1.525,-270.569
7.153,1.547,-271.920
6.505,1.569,-273.280
5.855,1.590,-274.636
5.208,1.604,-275.987
4.563,1.618,-277.338
3.916,1.632,-278.694
3.269,1.646,-280.045
2.627,1.655,-281.396
1.980,1.662,-282.755
1.330,1.669,-284.112
0.683,1.676,-285.462
0.041,1.680,-286.811
-0.604,1.680,-288.169
-1.313,1.680,-289.642
-2.203,1.680,-291.180
-3.315,1.680,-292.738
-4.761,1.680,-294.200
-6.380,1.680,-295.355
-8.059,1.683,-296.256
-9.977,1.690,-296.981
-12.001,1.690,-297.315
-13.908,1.694,-297.376
-15.896,1.701,-297.182
-17.875,1.708,-296.632
-19.656,1.720,-295.819
-21.297,1.735,-294.803
-22.873,1.749,-293.477
-24.150,1.763,-291.905
-25.148,1.781,-290.295
-25.970,1.802,-288.510
-26.461,1.823,-286.784
-26.850,1.849,-285.294
-27.221,1.875,-283.827
-27.588,1.896,-282.371
-27.954,1.923,-280.915
-28.320,1.952,-279.462
-28.687,1.980,-278.009
-29.054,2.001,-276.555
-29.421,2.026,-275.100
-29.788,2.053,-273.644
-30.154,2.074,-272.189
-30.520,2.090,-270.736
-30.887,2.105,-269.282
-31.254,2.119,-267.827
-31.622,2.139,-266.373
-31.989,2.157,-264.918
-32.356,2.171,-263.462
-32.722,2.185,-262.006
-33.088,2.199,-260.553
-33.455,2.215,-259.100
-33.822,2.236,-257.645
-34.189,2.252,-256.193
-34.556,2.266,-254.744
-34.991,2.280,-252.989
-35.117,2.275,-251.174
-35.204,2.270,-249.652
-35.275,2.265,-248.137
-35.346,2.260,-246.628
-35.407,2.255,-245.118
-35.467,2.250,-243.618
-35.527,2.245,-242.119
-35.587,2.240,-240.620
-35.647,2.240,-239.121
