132.405,14.780,340.950
132.771,14.780,339.493
133.135,14.780,338.040
133.501,14.780,336.587
133.868,14.780,335.131
134.233,14.780,333.674
134.597,14.780,332.221
134.963,14.780,330.768
135.328,14.780,329.319
135.696,14.780,327.871
136.067,14.780,326.412
136.435,14.780,324.952
136.801,14.780,323.495
137.167,14.785,322.039
137.531,14.790,320.586
137.897,14.795,319.133
138.264,14.800,317.676
138.629,14.800,316.220
138.994,14.800,314.767
139.359,14.800,313.314
139.726,14.800,311.857
140.091,14.800,310.401
140.456,14.800,308.948
140.822,14.800,307.495
141.188,14.800,306.038
141.554,14.800,304.582
141.918,14.800,303.129
142.284,14.800,301.676
142.650,14.800,300.219
143.016,14.800,298.763
143.380,14.800,297.310
143.746,14.805,295.857
144.113,14.810,294.400
144.478,14.815,292.944
144.843,14.820,291.491
145.208,14.831,290.038
145.573,14.840,288.589
145.942,14.845,287.141
146.312,14.850,285.681
146.680,14.855,284.221
147.047,14.860,282.765
147.412,14.860,281.308
147.777,14.860,279.855
148.142,14.860,278.402
148.509,14.860,276.946
148.874,14.860,275.489
149.239,14.860,274.036
149.605,14.860,272.583
149.971,14.860,271.127
150.336,14.860,269.670
150.701,14.860,268.217
151.067,14.865,266.764
151.433,14.870,265.308
151.799,14.875,263.852
152.163,14.881,262.399
152.529,14.891,260.946
152.896,14.901,259.489
153.261,14.911,258.033
153.626,14.921,256.580
153.991,14.931,255.127
154.358,14.941,253.670
154.723,14.951,252.214
155.086,14.960,250.769
155.455,14.960,249.324
155.828,14.960,247.861
156.195,14.960,246.397
156.559,14.960,244.944
156.925,14.960,243.491
157.292,14.960,242.035
157.657,14.960,240.578
158.022,14.960,239.125
158.387,14.960,237.672
158.754,14.960,236.216
159.119,14.960,234.759
159.484,14.961,233.306
159.850,14.971,231.853
160.216,14.981,230.397
160.581,14.986,228.940
160.946,14.991,227.488
161.312,15.001,226.034
161.678,15.011,224.578
162.044,15.021,223.122
162.408,15.031,221.669
162.774,15.036,220.216
163.141,15.040,218.759
163.506,15.040,217.303
163.871,15.040,215.850
164.236,15.040,214.397
164.603,15.040,212.940
164.968,15.040,211.485
165.331,15.040,210.039
165.700,15.040,208.593
166.073,15.040,207.130
166.440,15.040,205.667
166.805,15.040,204.214
167.170,15.040,202.761
167.537,15.041,201.304
167.902,15.046,199.848
168.267,15.051,198.395
168.633,15.056,196.942
168.999,15.061,195.486
169.364,15.071,194.029
169.729,15.081,192.576
170.095,15.086,191.123
170.461,15.091,189.667
170.827,15.096,188.210
171.191,15.100,186.757
171.557,15.100,185.304
171.924,15.100,183.848
172.289,15.100,182.391
172.653,15.100,180.939
173.019,15.100,179.485
173.386,15.100,178.029
173.751,15.100,176.572
174.116,15.100,175.120
174.481,15.100,173.667
174.847,15.100,172.219
175.215,15.100,170.769
175.586,15.100,169.309
175.953,15.100,167.850
176.320,15.100,166.393
176.685,15.100,164.937
177.050,15.100,163.484
177.416,15.100,162.031
177.782,15.100,160.574
178.147,15.100,159.118
178.512,15.100,157.665
178.878,15.100,156.212
179.244,15.100,154.755
179.609,15.100,153.299
179.974,15.100,151.846
180.340,15.100,150.393
180.706,15.099,148.936
181.072,15.094,147.480
181.437,15.089,146.025
181.802,15.084,144.570
182.166,15.079,143.117
182.532,15.074,141.664
182.899,15.069,140.207
183.264,15.064,138.751
183.629,15.059,137.298
183.994,15.054,135.845
184.361,15.049,134.388
184.726,15.044,132.934
185.090,15.040,131.489
185.459,15.040,130.041
185.831,15.040,128.578
186.198,15.040,127.116
186.563,15.040,125.663
186.928,15.040,124.209
187.295,15.040,122.753
187.660,15.040,121.297
188.025,15.039,119.844
188.391,15.034,118.390
188.757,15.030,116.934
189.122,15.030,115.478
189.487,15.029,114.025
189.853,15.024,112.572
190.219,15.020,111.115
190.585,15.020,109.659
190.949,15.019,108.206
191.315,15.014,106.753
191.682,15.010,105.296
192.047,15.010,103.840
192.412,15.011,102.387
192.777,15.016,100.934
193.144,15.021,99.477
193.509,15.026,98.021
193.874,15.032,96.568
194.240,15.042,95.115
194.606,15.051,93.658
194.971,15.056,92.204
195.335,15.061,90.759
195.704,15.066,89.310
196.076,15.070,87.847
196.443,15.070,86.386
196.808,15.070,84.933
197.174,15.070,83.479
197.540,15.070,82.023
197.905,15.070,80.567
198.270,15.070,79.114
198.636,15.070,77.660
199.002,15.070,76.204
199.367,15.070,74.748
199.732,15.070,73.295
200.098,15.070,71.841
200.464,15.071,70.385
200.830,15.076,68.929
201.194,15.083,67.476
201.560,15.093,66.022
201.927,15.103,64.566
202.292,15.113,63.110
202.657,15.123,61.657
203.023,15.133,60.203
203.389,15.141,58.747
203.754,15.146,57.291
204.119,15.150,55.838
204.484,15.150,54.387
204.850,15.150,52.938
205.219,15.150,51.487
205.589,15.150,50.027
205.956,15.150,48.568
206.323,15.150,47.111
206.688,15.150,45.656
207.053,15.150,44.203
207.419,15.150,42.749
207.785,15.150,41.292
208.150,15.150,39.837
208.515,15.152,38.384
208.881,15.157,36.930
209.247,15.162,35.473
209.612,15.167,34.018
209.977,15.172,32.565
210.343,15.177,31.111
210.710,15.182,29.654
211.075,15.187,28.199
211.440,15.192,26.746
211.806,15.197,25.292
212.172,15.200,23.835
212.537,15.200,22.380
212.902,15.200,20.927
213.268,15.200,19.473
213.634,15.200,18.016
213.999,15.200,16.561
214.364,15.200,15.108
214.729,15.200,13.657
215.095,15.200,12.208
215.464,15.200,10.756
215.834,15.198,9.296
216.202,15.193,7.837
216.568,15.188,6.381
216.933,15.183,4.925
217.298,15.177,3.472
217.664,15.167,2.019
218.030,15.158,0.562
218.395,15.153,-0.894
218.760,15.148,-2.346
219.126,15.143,-3.800
219.492,15.140,-5.257
219.858,15.140,-6.712
220.222,15.138,-8.165
220.588,15.133,-9.619
220.955,15.128,-11.076
221.320,15.123,-12.531
221.685,15.118,-13.984
222.051,15.113,-15.438
222.417,15.106,-16.895
222.782,15.096,-18.350
223.147,15.085,-19.803
223.513,15.070,-21.257
223.879,15.056,-22.714
224.243,15.046,-24.166
224.608,15.038,-25.611
224.978,15.033,-27.062
225.350,15.028,-28.525
225.716,15.023,-29.986
226.081,15.020,-31.438
226.447,15.020,-32.893
226.813,15.018,-34.349
227.178,15.013,-35.804
227.543,15.006,-37.257
227.909,14.996,-38.711
228.275,14.986,-40.168
228.640,14.976,-41.623
229.005,14.968,-43.076
229.371,14.963,-44.530
229.737,14.956,-45.987
230.103,14.946,-47.442
230.467,14.940,-48.895
230.834,14.940,-50.349
231.200,14.940,-51.806
231.565,14.940,-53.261
231.930,14.938,-54.714
232.296,14.933,-56.168
232.662,14.930,-57.625
233.027,14.930,-59.080
233.392,14.928,-60.533
233.758,14.923,-61.987
234.124,14.918,-63.444
234.488,14.913,-64.896
234.853,14.908,-66.341
235.224,14.903,-67.792
235.595,14.900,-69.256
235.961,14.900,-70.716
236.326,14.900,-72.168
236.692,14.900,-73.623
237.058,14.900,-75.079
237.423,14.900,-76.535
237.788,14.900,-77.987
238.154,14.900,-79.442
238.520,14.900,-80.898
238.885,14.900,-82.354
239.250,14.900,-83.806
239.616,14.900,-85.261
239.983,14.902,-86.717
240.348,14.907,-88.172
240.713,14.912,-89.625
241.079,14.917,-91.080
241.445,14.924,-92.536
241.810,14.934,-93.991
242.175,14.944,-95.444
242.541,14.954,-96.899
242.907,14.964,-98.355
243.272,14.974,-99.810
243.637,14.984,-101.263
244.002,14.994,-102.714
244.369,15.000,-104.163
244.738,15.000,-105.616
245.108,15.000,-107.075
245.475,15.000,-108.534
245.841,15.000,-109.991
246.206,15.000,-111.446
246.571,15.000,-112.899
246.937,15.000,-114.353
247.303,15.000,-115.810
247.668,15.000,-117.265
248.033,15.000,-118.717
248.399,15.000,-120.172
248.765,15.000,-121.629
249.130,15.000,-123.084
249.495,15.002,-124.536
249.862,15.007,-125.991
250.228,15.010,-127.448
250.593,15.010,-128.903
250.958,15.012,-130.355
251.324,15.017,-131.810
251.690,15.020,-133.266
252.055,15.020,-134.721
252.420,15.020,-136.174
252.786,15.020,-137.629
253.152,15.020,-139.085
253.517,15.020,-140.540
253.882,15.020,-141.993
254.247,15.020,-143.444
254.614,15.020,-144.893
254.984,15.020,-146.346
255.353,15.020,-147.806
255.720,15.020,-149.264
256.086,15.020,-150.721
256.451,15.020,-152.176
256.816,15.020,-153.629
257.182,15.020,-155.083
257.548,15.017,-156.540
257.913,15.012,-157.995
258.278,15.007,-159.448
258.645,15.002,-160.902
259.011,14.997,-162.359
259.376,14.992,-163.814
259.741,14.987,-165.267
260.107,14.982,-166.721
260.473,14.975,-168.178
260.838,14.965,-169.633
261.203,14.955,-171.086
261.569,14.945,-172.540
261.935,14.935,-173.997
262.300,14.925,-175.452
262.665,14.917,-176.904
263.031,14.912,-178.359
263.397,14.907,-179.816
263.762,14.902,-181.271
264.127,14.900,-182.726
264.491,14.900,-184.176
264.857,14.897,-185.621
265.228,14.892,-187.075
265.598,14.887,-188.538
265.964,14.882,-189.997
266.329,14.880,-191.450
266.695,14.880,-192.904
267.061,14.875,-194.361
267.426,14.865,-195.816
267.791,14.855,-197.269
268.157,14.845,-198.723
268.523,14.835,-200.180
268.888,14.825,-201.635
269.253,14.812,-203.087
269.620,14.797,-204.542
269.986,14.787,-205.999
270.350,14.782,-207.453
270.716,14.775,-208.906
271.082,14.764,-210.361
271.448,14.757,-211.818
271.813,14.752,-213.272
272.178,14.747,-214.725
272.544,14.742,-216.180
272.910,14.737,-217.636
273.275,14.732,-219.091
273.640,14.727,-220.544
274.005,14.722,-221.995
274.372,14.717,-223.443
274.742,14.712,-224.897
275.111,14.710,-226.357
275.478,14.710,-227.815
275.844,14.707,-229.272
276.209,14.702,-230.727
276.574,14.697,-232.179
276.940,14.692,-233.634
277.306,14.687,-235.091
277.671,14.682,-236.546
278.036,14.677,-237.998
278.402,14.672,-239.453
278.768,14.667,-240.910
279.133,14.662,-242.364
279.499,14.660,-243.817
279.865,14.660,-245.272
280.231,14.660,-246.729
280.596,14.660,-248.183
280.961,14.660,-249.636
281.327,14.660,-251.091
281.693,14.663,-252.548
282.058,14.668,-254.002
282.423,14.670,-255.455
282.789,14.670,-256.910
283.155,14.673,-258.367
283.520,14.678,-259.821
283.885,14.680,-261.274
284.250,14.680,-262.725
284.617,14.680,-264.173
284.987,14.680,-265.628
285.356,14.680,-267.088
285.723,14.680,-268.546
286.089,14.680,-270.002
286.454,14.680,-271.457
286.819,14.680,-272.910
287.185,14.680,-274.365
287.551,14.680,-275.821
287.916,14.680,-277.276
288.281,14.680,-278.729
288.648,14.680,-280.184
289.014,14.680,-281.640
289.378,14.680,-283.095
289.744,14.683,-284.548
290.110,14.688,-286.003
290.476,14.693,-287.459
290.841,14.698,-288.914
291.206,14.706,-290.366
291.572,14.716,-291.822
291.938,14.723,-293.278
292.303,14.728,-294.733
292.668,14.733,-296.185
293.034,14.738,-297.641
293.400,14.740,-299.097
293.764,14.740,-300.547
294.130,14.743,-301.991
294.502,14.748,-303.447
294.871,14.753,-304.911
295.241,14.758,-306.384
295.602,14.763,-307.864
295.968,14.768,-309.386
296.302,14.773,-310.938
296.630,14.778,-312.570
296.875,14.783,-314.253
297.074,14.788,-315.997
297.143,14.794,-317.762
297.147,14.799,-319.502
297.041,14.807,-321.216
296.896,14.817,-322.865
296.689,14.824,-324.481
296.466,14.829,-326.045
296.216,14.838,-327.587
295.959,14.848,-329.106
295.687,14.858,-330.616
295.415,14.868,-332.099
295.145,14.874,-333.572
294.875,14.879,-335.049
294.604,14.884,-336.525
294.333,14.889,-338.000
294.063,14.890,-339.474
293.789,14.890,-340.968
293.503,14.890,-342.466
293.206,14.890,-343.994
292.876,14.890,-345.525
292.530,14.890,-347.073
292.139,14.890,-348.616
291.733,14.890,-350.156
291.283,14.890,-351.682
290.825,14.890,-353.185
290.337,14.890,-354.673
289.841,14.890,-356.155
289.317,14.886,-357.625
288.776,14.881,-359.111
288.192,14.876,-360.586
287.595,14.871,-362.063
286.951,14.870,-363.521
286.302,14.870,-364.960
285.619,14.870,-366.379
284.929,14.870,-367.790
284.208,14.866,-369.182
283.469,14.861,-370.590
282.683,14.856,-371.976
281.877,14.851,-373.376
281.014,14.850,-374.744
280.150,14.850,-376.086
279.248,14.846,-377.396
278.346,14.841,-378.687
277.416,14.836,-379.952
276.481,14.831,-381.211
275.516,14.821,-382.446
274.540,14.811,-383.686
273.527,14.806,-384.900
272.499,14.801,-386.118
271.429,14.796,-387.303
270.378,14.791,-388.453
269.311,14.786,-389.578
268.237,14.781,-390.704
267.140,14.771,-391.808
266.029,14.761,-392.919
264.887,14.751,-394.002
263.729,14.741,-395.090
262.536,14.727,-396.141
261.348,14.712,-397.176
260.134,14.697,-398.178
258.932,14.682,-399.163
257.714,14.667,-400.123
256.493,14.652,-401.080
255.255,14.637,-402.014
253.997,14.622,-402.957
252.711,14.607,-403.867
251.423,14.592,-404.771
250.112,14.577,-405.641
248.817,14.562,-406.492
247.510,14.547,-407.319
246.194,14.532,-408.148
244.859,14.517,-408.951
243.519,14.502,-409.750
242.163,14.478,-410.520
240.778,14.453,-411.300
239.364,14.433,-412.034
237.964,14.413,-412.753
236.548,14.393,-413.434
235.137,14.373,-414.105
233.714,14.353,-414.744
232.288,14.333,-415.379
230.848,14.313,-415.982
229.386,14.293,-416.589
227.903,14.273,-417.151
226.392,14.253,-417.714
224.856,14.228,-418.216
223.340,14.203,-418.700
221.813,14.174,-419.135
220.298,14.144,-419.557
218.774,14.118,-419.941
217.253,14.093,-420.317
215.725,14.068,-420.657
214.155,14.043,-420.999
212.567,14.018,-421.279
210.995,13.993,-421.544
209.419,13.968,-421.759
207.852,13.943,-421.963
206.281,13.918,-422.123
204.708,13.893,-422.276
203.131,13.868,-422.383
201.534,13.843,-422.483
199.931,13.814,-422.525
198.327,13.784,-422.556
196.724,13.754,-422.528
195.135,13.724,-422.491
193.550,13.694,-422.403
191.972,13.664,-422.308
190.398,13.634,-422.168
188.818,13.604,-422.019
187.242,13.574,-421.821
185.638,13.544,-421.609
184.042,13.518,-421.328
182.467,13.493,-421.039
180.906,13.468,-420.696
179.369,13.443,-420.348
177.846,13.418,-419.962
176.328,13.393,-419.570
174.820,13.364,-419.142
173.279,13.334,-418.697
171.752,13.295,-418.191
170.235,13.255,-417.678
168.739,13.215,-417.110
167.272,13.175,-416.544
165.824,13.135,-415.944
164.362,13.095,-415.331
162.916,13.064,-414.671
161.475,13.034,-414.002
160.055,13.008,-413.288
158.622,12.983,-412.557
157.217,12.958,-411.769
155.834,12.933,-410.981
154.479,12.908,-410.151
153.127,12.883,-409.312
151.804,12.845,-408.431
150.474,12.805,-407.534
149.179,12.765,-406.589
147.879,12.724,-405.627
146.620,12.689,-404.610
145.382,12.654,-403.596
144.183,12.623,-402.541
142.998,12.593,-401.487
141.847,12.568,-400.398
140.686,12.543,-399.289
139.568,12.508,-398.135
138.456,12.473,-396.973
137.392,12.438,-395.769
136.333,12.403,-394.558
135.324,12.368,-393.307
134.333,12.333,-392.066
133.383,12.312,-390.796
132.432,12.292,-389.512
131.529,12.267,-388.194
130.625,12.242,-386.863
129.776,12.207,-385.497
128.934,12.172,-384.127
128.149,12.128,-382.726
127.380,12.083,-381.341
126.656,12.042,-379.934
125.929,12.002,-378.509
125.257,11.967,-377.057
124.585,11.932,-375.593
123.977,11.906,-374.101
123.380,11.881,-372.621
122.837,11.861,-371.123
122.294,11.841,-369.607
121.816,11.825,-368.071
121.336,11.810,-366.510
120.938,11.795,-364.926
120.541,11.780,-363.324
120.239,11.755,-361.703
119.951,11.730,-360.130
119.725,11.700,-358.547
119.509,11.669,-357.022
119.319,11.634,-355.494
119.132,11.599,-353.998
118.951,11.569,-352.501
118.770,11.539,-351.003
118.594,11.514,-349.505
118.420,11.490,-348.025
118.240,11.480,-346.544
118.059,11.470,-345.047
117.882,11.460,-343.550
117.707,11.450,-342.059
117.532,11.440,-340.568
117.355,11.430,-339.063
117.188,11.425,-337.556
117.022,11.420,-336.050
116.865,11.415,-334.543
116.707,11.410,-333.025
116.565,11.410,-331.508
116.425,11.410,-330.015
116.285,11.410,-328.522
116.144,11.410,-327.021
116.008,11.410,-325.519
115.873,11.410,-324.025
115.737,11.415,-322.531
115.602,11.420,-321.037
115.467,11.420,-319.542
115.332,11.421,-318.049
115.197,11.431,-316.556
115.061,11.441,-315.062
114.926,11.451,-313.568
114.791,11.461,-312.074
114.655,11.471,-310.581
114.520,11.481,-309.086
114.385,11.491,-307.591
114.250,11.501,-306.090
114.119,11.511,-304.590
113.989,11.521,-303.103
113.854,11.536,-301.617
113.719,11.552,-300.122
113.584,11.572,-298.627
113.448,11.592,-297.126
113.318,11.622,-295.626
113.188,11.653,-294.140
113.053,11.683,-292.653
112.917,11.713,-291.151
112.787,11.748,-289.650
112.657,11.783,-288.165
112.523,11.813,-286.681
112.388,11.842,-285.203
112.244,11.867,-283.726
112.099,11.892,-282.250
111.946,11.912,-280.776
111.791,11.932,-279.307
111.623,11.952,-277.840
111.455,11.973,-276.375
111.272,11.998,-274.911
111.088,12.023,-273.438
110.894,12.053,-271.965
110.699,12.084,-270.478
110.504,12.119,-268.992
110.309,12.153,-267.505
110.113,12.183,-266.018
109.918,12.214,-264.531
109.723,12.244,-263.045
109.528,12.273,-261.566
109.329,12.298,-260.088
109.129,12.322,-258.609
108.926,12.342,-257.133
108.722,12.362,-255.673
108.505,12.377,-254.215
108.287,12.391,-252.763
108.052,12.401,-251.313
107.814,12.411,-249.857
107.563,12.421,-248.404
107.309,12.431,-246.951
107.042,12.441,-245.497
106.771,12.451,-244.020
106.501,12.456,-242.545
106.232,12.460,-241.079
105.957,12.460,-239.612
105.682,12.460,-238.138
105.407,12.460,-236.668
105.134,12.459,-235.227
104.848,12.454,-233.804
104.567,12.448,-232.465
104.230,12.438,-231.166
103.899,12.428,-229.971
103.470,12.418,-228.844
103.032,12.407,-227.780
102.477,12.397,-226.789
101.880,12.387,-225.801
101.179,12.377,-224.883
100.423,12.363,-223.965
99.592,12.342,-223.122
98.710,12.320,-222.303
97.749,12.295,-221.541
96.722,12.265,-220.786
95.613,12.230,-220.062
94.433,12.195,-219.322
93.218,12.160,-218.601
91.972,12.127,-217.881
90.726,12.097,-217.184
89.482,12.064,-216.514
88.236,12.029,-215.874
86.991,11.994,-215.268
85.722,11.959,-214.692
84.435,11.920,-214.135
83.114,11.875,-213.598
81.761,11.826,-213.061
80.389,11.771,-212.532
78.999,11.711,-211.999
77.610,11.647,-211.470
76.222,11.582,-210.945
74.830,11.517,-210.425
73.435,11.454,-209.907
72.052,11.394,-209.397
70.682,11.337,-208.904
69.307,11.282,-208.424
67.928,11.225,-207.955
66.540,11.165,-207.499
65.143,11.109,-207.048
63.734,11.059,-206.604
62.312,11.007,-206.160
60.890,10.953,-205.719
59.467,10.902,-205.280
58.042,10.857,-204.845
56.615,10.812,-204.411
55.190,10.767,-203.980
53.768,10.724,-203.554
52.351,10.684,-203.136
50.942,10.642,-202.729
49.528,10.598,-202.332
48.107,10.555,-201.940
46.680,10.515,-201.556
45.248,10.473,-201.176
43.811,10.428,-200.800
42.367,10.387,-200.425
40.920,10.352,-200.052
39.470,10.323,-199.679
38.023,10.303,-199.307
36.583,10.283,-198.940
35.143,10.263,-198.579
33.706,10.243,-198.223
32.270,10.223,-197.875
30.840,10.203,-197.535
29.406,10.183,-197.206
27.969,10.163,-196.882
26.523,10.143,-196.568
25.064,10.123,-196.252
23.605,10.103,-195.939
22.146,10.085,-195.628
20.689,10.070,-195.321
19.238,10.057,-195.019
17.787,10.047,-194.724
16.339,10.037,-194.434
14.903,10.027,-194.157
13.491,10.017,-193.897
12.075,10.007,-193.663
10.658,9.997,-193.441
9.236,9.987,-193.246
7.811,9.978,-193.062
6.387,9.973,-192.904
4.966,9.968,-192.761
3.562,9.963,-192.648
2.193,9.960,-192.562
0.848,9.960,-192.526
-0.450,9.958,-192.527
-1.747,9.953,-192.602
-3.046,9.948,-192.713
-4.336,9.943,-192.893
-5.621,9.938,-193.110
-6.896,9.933,-193.396
-8.173,9.928,-193.719
-9.431,9.923,-194.102
-10.673,9.920,-194.520
-11.897,9.920,-195.001
-13.114,9.918,-195.519
-14.307,9.913,-196.092
-15.486,9.908,-196.699
-16.637,9.903,-197.358
-17.772,9.898,-198.051
-18.871,9.893,-198.787
-19.940,9.890,-199.553
-20.982,9.890,-200.373
-22.015,9.892,-201.234
-23.008,9.897,-202.124
-23.963,9.905,-203.039
-24.882,9.915,-203.995
-25.776,9.925,-204.984
-26.629,9.935,-206.002
-27.444,9.945,-207.048
-28.202,9.955,-208.096
-28.891,9.965,-209.155
-29.509,9.975,-210.215
-30.048,9.983,-211.296
-30.526,9.988,-212.403
-30.932,9.993,-213.557
-31.303,9.998,-214.786
-31.631,10.003,-216.078
-31.941,10.008,-217.437
-32.233,10.016,-218.839
-32.518,10.026,-220.279
-32.803,10.036,-221.741
-33.086,10.046,-223.206
-33.367,10.056,-224.673
-33.647,10.067,-226.144
-33.928,10.077,-227.617
-34.208,10.087,-229.091
-34.489,10.093,-230.564
-34.769,10.098,-232.038
-35.050,10.103,-233.511
-35.330,10.108,-234.979
-35.605,10.113,-236.444
-35.876,10.118,-237.900
-36.137,10.127,-239.353
-36.392,10.137,-240.795
-36.629,10.147,-242.235
-36.859,10.157,-243.687
-37.081,10.163,-245.147
-37.299,10.168,-246.612
-37.510,10.173,-248.081
-37.720,10.178,-249.555
-37.925,10.183,-251.031
-38.130,10.188,-252.514
-38.335,10.193,-254.000
-38.540,10.198,-255.487
-38.746,10.200,-256.974
-38.952,10.200,-258.459
-39.157,10.197,-259.944
-39.362,10.192,-261.429
-39.567,10.187,-262.915
-39.773,10.182,-264.407
-39.983,10.170,-265.902
-40.194,10.155,-267.383
-40.399,10.136,-268.860
-40.604,10.116,-270.343
-40.809,10.089,-271.828
-41.014,10.059,-273.315
-41.220,10.022,-274.801
-41.425,9.982,-276.286
-41.631,9.945,-277.770
-41.834,9.910,-279.244
-42.030,9.872,-280.715
-42.225,9.832,-282.197
-42.420,9.784,-283.683
-42.614,9.734,-285.159
-42.800,9.674,-286.630
-42.984,9.608,-288.112
-43.170,9.536,-289.599
-43.354,9.461,-291.080
-43.535,9.375,-292.558
-43.714,9.285,-294.042
-43.894,9.195,-295.527
-44.074,9.105,-297.020
-44.259,9.016,-298.515
-44.444,8.925,-299.997
-44.624,8.835,-301.476
-44.804,8.745,-302.959
-44.984,8.655,-304.445
-45.163,8.566,-305.932
-45.344,8.476,-307.419
-45.524,8.386,-308.906
-45.704,8.295,-310.392
-45.884,8.205,-311.878
-46.064,8.116,-313.363
-46.243,8.026,-314.850
-46.423,7.936,-316.337
-46.604,7.846,-317.824
-46.784,7.756,-319.310
-46.964,7.666,-320.796
-47.143,7.576,-322.282
-47.323,7.486,-323.769
-47.503,7.396,-325.256
-47.684,7.306,-326.748
-47.869,7.219,-328.242
-48.053,7.134,-329.724
-48.233,7.053,-331.202
-48.413,6.973,-332.687
-48.593,6.900,-334.176
-48.773,6.830,-335.663
-48.954,6.781,-337.152
-49.135,6.741,-338.646
-49.320,6.719,-340.142
-49.505,6.704,-341.626
-49.685,6.704,-343.106
-49.865,6.709,-344.594
-50.045,6.732,-346.084
-50.226,6.762,-347.573
-50.406,6.810,-349.061
-50.586,6.865,-350.548
-50.766,6.935,-352.035
-50.947,7.010,-353.528
-51.131,7.088,-355.024
-51.316,7.168,-356.507
-51.497,7.252,-357.985
-51.677,7.337,-359.469
-51.856,7.415,-360.955
-52.037,7.490,-362.449
-52.222,7.557,-363.945
-52.407,7.623,-365.434
-52.592,7.684,-366.922
-52.779,7.744,-368.420
-52.974,7.804,-369.923
-53.170,7.864,-371.419
-53.370,7.932,-372.912
-53.571,8.002,-374.405
-53.776,8.075,-375.898
-53.983,8.151,-377.390
-54.193,8.222,-378.880
-54.402,8.292,-380.360
-54.607,8.362,-381.836
-54.812,8.432,-383.319
-55.017,8.498,-384.804
-55.224,8.563,-386.294
-55.433,8.625,-387.785
-55.643,8.685,-389.265
-55.848,8.745,-390.741
-56.052,8.805,-392.225
-56.258,8.857,-393.711
-56.465,8.907,-395.201
-56.674,8.954,-396.693
-56.884,8.999,-398.174
-57.090,9.051,-399.652
-57.296,9.106,-401.140
-57.505,9.165,-402.631
-57.718,9.225,-404.135
-57.943,9.289,-405.642
-58.177,9.354,-407.179
-58.444,9.419,-408.720
-58.726,9.484,-410.278
-59.051,9.546,-411.833
-59.392,9.606,-413.386
-59.778,9.659,-414.929
-60.169,9.709,-416.437
-60.581,9.759,-417.929
-60.997,9.809,-419.407
-61.428,9.859,-420.878
-61.867,9.909,-422.360
-62.331,9.967,-423.839
-62.821,10.027,-425.369
-63.375,10.084,-426.893
-63.991,10.140,-428.514
-64.746,10.192,-430.096
-65.565,10.243,-431.708
-66.542,10.299,-433.223
-67.552,10.355,-434.708
-68.694,10.411,-436.073
-69.829,10.466,-437.384
-71.060,10.512,-438.590
-72.299,10.558,-439.776
-73.623,10.584,-440.858
-74.940,10.609,-441.915
-76.326,10.625,-442.875
-77.724,10.640,-443.829
-79.186,10.660,-444.677
-80.651,10.680,-445.515
-82.173,10.705,-446.245
-83.699,10.730,-446.966
-85.274,10.760,-447.574
-86.832,10.790,-448.166
-88.429,10.816,-448.657
-90.033,10.840,-449.140
-91.668,10.855,-449.514
-93.301,10.870,-449.876
-94.956,10.875,-450.131
-96.614,10.880,-450.375
-98.287,10.880,-450.507
-99.944,10.880,-450.627
-101.607,10.880,-450.646
-103.276,10.880,-450.653
-104.943,10.875,-450.554
-106.599,10.870,-450.444
-108.247,10.865,-450.235
-109.888,10.860,-450.015
-111.514,10.855,-449.701
-113.128,10.849,-449.376
-114.723,10.839,-448.966
-116.319,10.829,-448.541
-117.890,10.819,-448.029
-119.449,10.809,-447.506
-120.981,10.793,-446.902
-122.511,10.779,-446.283
-124.010,10.769,-445.580
-125.526,10.759,-444.848
-126.995,10.749,-444.017
-128.456,10.739,-443.164
-129.861,10.729,-442.214
-131.251,10.718,-441.242
-132.580,10.703,-440.175
-133.905,10.687,-439.068
-135.154,10.666,-437.854
-136.383,10.646,-436.596
-137.513,10.626,-435.232
-138.596,10.604,-433.838
-139.555,10.579,-432.375
-140.437,10.555,-430.963
-141.236,10.534,-429.533
-141.987,10.513,-428.164
-142.705,10.488,-426.794
-143.405,10.463,-425.455
-144.100,10.438,-424.117
-144.790,10.411,-422.786
-145.482,10.381,-421.453
-146.175,10.354,-420.115
-146.863,10.334,-418.778
-147.549,10.314,-417.448
-148.237,10.294,-416.117
-148.927,10.273,-414.781
-149.613,10.248,-413.447
-150.298,10.224,-412.121
-150.988,10.204,-410.791
-151.682,10.183,-409.449
-152.368,10.158,-408.111
-153.050,10.131,-406.787
-153.737,10.101,-405.463
-154.428,10.067,-404.132
-155.120,10.021,-402.798
-155.813,9.976,-401.457
-156.500,9.932,-400.119
-157.181,9.885,-398.795
-157.869,9.835,-397.470
-158.561,9.785,-396.132
-159.249,9.735,-394.796
-159.935,9.686,-393.466
-160.623,9.641,-392.136
-161.312,9.596,-390.800
-161.999,9.551,-389.467
-162.683,9.503,-388.141
-163.373,9.448,-386.812
-164.066,9.392,-385.471
-164.756,9.332,-384.126
-165.445,9.273,-382.775
-166.127,9.218,-381.422
-166.806,9.162,-380.069
-167.479,9.102,-378.712
-168.150,9.040,-377.352
-168.812,8.975,-375.993
-169.469,8.908,-374.642
-170.124,8.839,-373.292
-170.778,8.769,-371.944
-171.432,8.699,-370.597
-172.085,8.632,-369.252
-172.741,8.572,-367.904
-173.400,8.509,-366.546
-174.053,8.439,-365.191
-174.701,8.366,-363.849
-175.352,8.286,-362.506
-176.005,8.204,-361.162
-176.660,8.119,-359.817
-177.317,8.036,-358.467
-177.972,7.956,-357.115
-178.628,7.874,-355.761
-179.279,7.789,-354.410
-179.925,7.704,-353.071
-180.578,7.619,-351.731
-181.235,7.537,-350.381
-181.890,7.463,-349.031
-182.544,7.389,-347.683
-183.198,7.319,-346.335
-183.852,7.248,-344.987
-184.506,7.173,-343.638
-185.161,7.095,-342.286
-185.814,7.010,-340.937
-186.464,6.925,-339.592
-187.117,6.840,-338.247
-187.770,6.755,-336.900
-188.424,6.670,-335.553
-189.077,6.590,-334.209
-189.733,6.520,-332.861
-190.392,6.452,-331.504
-191.047,6.392,-330.144
-191.700,6.335,-328.783
-192.348,6.285,-327.420
-192.995,6.234,-326.060
-193.639,6.179,-324.695
-194.284,6.124,-323.322
-194.920,6.069,-321.949
-195.552,6.015,-320.581
-196.182,5.965,-319.211
-196.810,5.915,-317.839
-197.433,5.865,-316.468
-198.052,5.815,-315.106
-198.672,5.765,-313.745
-199.293,5.713,-312.385
-199.917,5.659,-311.023
-200.543,5.604,-309.653
-201.165,5.549,-308.284
-201.784,5.494,-306.923
-202.404,5.438,-305.562
-203.025,5.380,-304.202
-203.648,5.315,-302.840
-204.274,5.246,-301.471
-204.895,5.166,-300.102
-205.515,5.085,-298.739
-206.133,5.000,-297.378
-206.750,4.913,-296.025
-207.373,4.823,-294.669
-208.001,4.733,-293.298
-208.623,4.643,-291.928
-209.242,4.554,-290.564
-209.860,4.464,-289.204
-210.477,4.374,-287.851
-211.100,4.284,-286.495
-211.728,4.195,-285.124
-212.351,4.110,-283.753
-212.970,4.027,-282.390
-213.588,3.947,-281.029
-214.205,3.871,-279.675
-214.829,3.806,-278.318
-215.457,3.748,-276.945
-216.081,3.708,-275.573
-216.701,3.671,-274.208
-217.322,3.641,-272.841
-217.944,3.611,-271.468
-218.563,3.581,-270.093
-219.182,3.551,-268.715
-219.796,3.521,-267.337
-220.407,3.491,-265.959
-221.017,3.461,-264.580
-221.625,3.428,-263.198
-222.227,3.388,-261.818
-222.826,3.351,-260.446
-223.427,3.321,-259.074
-224.030,3.291,-257.697
-224.630,3.261,-256.321
-225.229,3.234,-254.950
-225.830,3.214,-253.577
-226.432,3.194,-252.200
-227.033,3.174,-250.823
-227.633,3.152,-249.449
-228.233,3.127,-248.075
-228.832,3.101,-246.704
-229.432,3.071,-245.333
-230.032,3.036,-243.964
-230.636,2.991,-242.593
-231.240,2.948,-241.216
-231.843,2.908,-239.839
-232.446,2.869,-238.463
-233.046,2.834,-237.087
-233.645,2.801,-235.716
-234.246,2.771,-234.343
-234.849,2.744,-232.966
-235.449,2.724,-231.591
-236.048,2.699,-230.219
-236.649,2.664,-228.847
-237.251,2.624,-227.470
-237.852,2.574,-226.094
-238.451,2.516,-224.720
-239.050,2.441,-223.348
-239.648,2.365,-221.978
-240.249,2.284,-220.607
-240.850,2.201,-219.232
-241.451,2.111,-217.856
-242.051,2.022,-216.476
-242.649,1.932,-215.095
-243.245,1.842,-213.714
-243.840,1.752,-212.327
-244.435,1.662,-210.930
-245.019,1.572,-209.535
-245.599,1.482,-208.149
-246.176,1.392,-206.764
-246.752,1.302,-205.379
-247.327,1.212,-203.994
-247.901,1.122,-202.611
-248.476,1.032,-201.228
-249.050,0.942,-199.845
-249.623,0.853,-198.463
-250.197,0.763,-197.084
-250.773,0.672,-195.700
-251.351,0.584,-194.308
-251.923,0.499,-192.918
-252.492,0.415,-191.541
-253.064,0.336,-190.162
-253.638,0.260,-188.779
-254.213,0.195,-187.395
-254.788,0.138,-186.010
-255.362,0.098,-184.626
-255.936,0.064,-183.244
-256.514,0.044,-181.859
-257.093,0.030,-180.464
-257.666,0.030,-179.072
-258.235,0.036,-177.693
-258.808,0.056,-176.312
-259.383,0.083,-174.927
-259.958,0.123,-173.542
-260.533,0.166,-172.158
-261.107,0.216,-170.774
-261.681,0.269,-169.392
-262.259,0.329,-168.006
-262.839,0.387,-166.604
-263.415,0.443,-165.192
-263.990,0.498,-163.761
-264.555,0.553,-162.299
-265.115,0.611,-160.778
-265.633,0.677,-159.207
-266.117,0.748,-157.566
-266.512,0.829,-155.880
-266.841,0.914,-154.166
-267.062,1.006,-152.429
-267.207,1.097,-150.695
-267.250,1.188,-148.966
-267.228,1.279,-147.268
-267.126,1.370,-145.575
-266.965,1.458,-143.899
-266.734,1.544,-142.239
-266.454,1.632,-140.605
-266.115,1.722,-138.981
-265.726,1.813,-137.373
-265.285,1.903,-135.789
-264.806,1.993,-134.231
-264.287,2.084,-132.700
-263.740,2.174,-131.195
-263.159,2.264,-129.700
-262.545,2.354,-128.216
-261.900,2.444,-126.756
-261.232,2.534,-125.316
-260.541,2.624,-123.897
-259.834,2.715,-122.497
-259.102,2.805,-121.103
-258.345,2.895,-119.717
-257.561,2.985,-118.339
-256.747,3.075,-116.972
-255.908,3.165,-115.624
-255.048,3.255,-114.295
-254.166,3.345,-112.985
-253.267,3.435,-111.695
-252.365,3.525,-110.442
-251.475,3.615,-109.216
-250.583,3.705,-107.996
-249.689,3.795,-106.780
-248.795,3.885,-105.569
-247.900,3.975,-104.360
-246.998,4.065,-103.147
-246.087,4.154,-101.931
-245.171,4.244,-100.722
-244.252,4.334,-99.517
-243.327,4.424,-98.315
-242.395,4.514,-97.114
-241.461,4.604,-95.922
-240.528,4.694,-94.737
-239.593,4.783,-93.556
-238.658,4.873,-92.379
-237.722,4.963,-91.203
-236.786,5.053,-90.028
-235.850,5.143,-88.856
-234.915,5.233,-87.687
-233.976,5.323,-86.512
-233.031,5.413,-85.335
-232.081,5.502,-84.159
-231.126,5.592,-82.985
-230.164,5.682,-81.810
-229.191,5.772,-80.634
-228.213,5.861,-79.470
-227.237,5.951,-78.313
-226.259,6.041,-77.164
-225.283,6.131,-76.020
-224.305,6.221,-74.876
-223.322,6.311,-73.732
-222.341,6.401,-72.596
-221.367,6.491,-71.465
-220.391,6.580,-70.330
-219.410,6.665,-69.192
-218.426,6.745,-68.052
-217.437,6.819,-66.912
-216.442,6.884,-65.770
-215.437,6.944,-64.627
-214.428,6.999,-63.491
-213.418,7.050,-62.361
-212.401,7.095,-61.233
-211.377,7.138,-60.106
-210.354,7.178,-58.993
-209.340,7.215,-57.888
-208.322,7.250,-56.780
-207.298,7.281,-55.670
-206.274,7.306,-54.565
-205.254,7.333,-53.466
-204.234,7.363,-52.366
-203.215,7.395,-51.266
-202.188,7.430,-50.160
-201.149,7.465,-49.048
-200.103,7.500,-47.941
-199.053,7.537,-46.839
-197.996,7.577,-45.741
-196.930,7.615,-44.646
-195.865,7.650,-43.565
-194.807,7.689,-42.494
-193.744,7.734,-41.422
-192.674,7.782,-40.348
-191.606,7.831,-39.285
-190.549,7.881,-38.231
-189.486,7.931,-37.168
-188.411,7.977,-36.099
-187.329,8.017,-35.033
-186.241,8.057,-33.968
-185.135,8.097,-32.898
-184.001,8.139,-31.825
-182.854,8.184,-30.772
-181.703,8.231,-29.734
-180.537,8.281,-28.708
-179.359,8.329,-27.692
-178.177,8.374,-26.700
-177.001,8.415,-25.723
-175.812,8.450,-24.749
-174.603,8.483,-23.777
-173.379,8.513,-22.818
-172.139,8.543,-21.868
-170.884,8.573,-20.936
-169.618,8.607,-20.018
-168.341,8.647,-19.121
-167.060,8.687,-18.241
-165.762,8.727,-17.373
-164.445,8.769,-16.518
-163.110,8.814,-15.682
-161.757,8.855,-14.862
-160.386,8.890,-14.068
-159.002,8.923,-13.295
-157.598,8.953,-12.548
-156.177,8.983,-11.822
-154.735,9.013,-11.128
-153.278,9.045,-10.460
-151.794,9.080,-9.823
-150.282,9.117,-9.216
-148.754,9.157,-8.655
-147.215,9.200,-8.131
-145.648,9.245,-7.649
-144.054,9.294,-7.209
-142.431,9.350,-6.822
-140.785,9.403,-6.490
-139.122,9.453,-6.225
-137.451,9.496,-6.019
-135.806,9.531,-5.886
-134.204,9.564,-5.790
-132.612,9.594,-5.731
-131.033,9.619,-5.698
-129.457,9.639,-5.693
-127.886,9.657,-5.710
-126.311,9.672,-5.752
-124.732,9.687,-5.818
-123.152,9.702,-5.913
-121.569,9.715,-6.035
-120.014,9.725,-6.186
-118.489,9.735,-6.344
-116.971,9.745,-6.512
-115.458,9.757,-6.686
-113.945,9.772,-6.868
-112.433,9.787,-7.058
-110.910,9.802,-7.257
-109.377,9.819,-7.472
-107.843,9.839,-7.704
-106.306,9.859,-7.954
-104.777,9.879,-8.222
-103.255,9.899,-8.504
-101.746,9.919,-8.801
-100.251,9.939,-9.102
-98.765,9.959,-9.410
-97.290,9.979,-9.718
-95.811,9.999,-10.030
-94.329,10.019,-10.347
-92.837,10.039,-10.672
-91.333,10.059,-11.011
-89.833,10.079,-11.366
-88.338,10.099,-11.730
-86.849,10.118,-12.107
-85.364,10.138,-12.493
-83.889,10.158,-12.890
-82.427,10.176,-13.287
-80.969,10.191,-13.690
-79.514,10.206,-14.094
-78.055,10.221,-14.503
-76.590,10.234,-14.919
-75.123,10.244,-15.346
-73.652,10.254,-15.783
-72.182,10.264,-16.234
-70.713,10.274,-16.695
-69.250,10.284,-17.171
-67.793,10.294,-17.654
-66.350,10.304,-18.147
-64.924,10.316,-18.636
-63.490,10.331,-19.131
-62.044,10.344,-19.639
-60.601,10.354,-20.159
-59.160,10.364,-20.687
-57.710,10.374,-21.234
-56.247,10.386,-21.806
-54.788,10.401,-22.406
-53.330,10.416,-23.030
-51.895,10.431,-23.682
-50.480,10.444,-24.341
-49.069,10.454,-25.026
-47.655,10.462,-25.736
-46.242,10.467,-26.483
-44.823,10.472,-27.269
-43.421,10.477,-28.103
-42.029,10.480,-28.979
-40.661,10.480,-29.909
-39.312,10.480,-30.884
-38.001,10.480,-31.913
-36.726,10.480,-32.976
-35.494,10.480,-34.086
-34.297,10.480,-35.226
-33.155,10.480,-36.395
-32.054,10.480,-37.567
-31.000,10.480,-38.748
-29.978,10.480,-39.914
-28.970,10.480,-41.093
-27.974,10.478,-42.281
-26.997,10.473,-43.473
-26.035,10.468,-44.661
-25.085,10.463,-45.849
-24.144,10.460,-47.032
-23.211,10.460,-48.211
-22.283,10.460,-49.381
-21.352,10.460,-50.550
-20.420,10.462,-51.719
-19.492,10.467,-52.880
-18.566,10.472,-54.029
-17.635,10.477,-55.170
-16.701,10.484,-56.302
-15.764,10.495,-57.419
-14.823,10.502,-58.519
-13.869,10.507,-59.609
-12.903,10.510,-60.690
-11.926,10.510,-61.760
-10.938,10.510,-62.820
-9.943,10.510,-63.862
-8.942,10.510,-64.886
-7.930,10.510,-65.888
-6.909,10.510,-66.867
-5.867,10.510,-67.828
-4.809,10.510,-68.776
-3.734,10.510,-69.704
-2.645,10.510,-70.615
-1.559,10.510,-71.491
-0.475,10.512,-72.322
0.615,10.517,-73.105
1.712,10.525,-73.836
2.835,10.535,-74.521
3.985,10.545,-75.166
5.180,10.555,-75.776
6.413,10.565,-76.364
7.666,10.575,-76.919
8.936,10.588,-77.442
10.232,10.603,-77.937
11.548,10.618,-78.408
12.874,10.633,-78.851
14.210,10.645,-79.266
15.562,10.655,-79.656
16.930,10.668,-80.023
18.300,10.683,-80.367
19.673,10.695,-80.683
21.048,10.705,-80.973
22.426,10.720,-81.234
23.810,10.740,-81.467
25.197,10.765,-81.672
26.581,10.795,-81.849
27.961,10.830,-81.992
29.331,10.871,-82.102
30.691,10.913,-82.171
32.057,10.958,-82.203
33.428,11.003,-82.197
34.786,11.048,-82.157
36.128,11.093,-82.072
37.453,11.139,-81.947
38.763,11.184,-81.772
40.053,11.229,-81.553
41.321,11.280,-81.280
42.564,11.335,-80.961
43.781,11.399,-80.581
44.947,11.470,-80.164
46.061,11.546,-79.678
47.128,11.628,-79.151
48.141,11.703,-78.542
49.090,11.775,-77.911
49.961,11.837,-77.188
50.794,11.893,-76.430
51.551,11.946,-75.570
52.260,11.998,-74.712
52.854,12.053,-73.759
53.430,12.110,-72.788
53.882,12.170,-71.729
54.325,12.231,-70.654
54.633,12.293,-69.517
54.937,12.354,-68.359
55.105,12.397,-67.158
55.273,12.437,-65.943
55.305,12.464,-64.706
55.341,12.489,-63.475
55.234,12.510,-62.241
55.137,12.530,-61.019
54.892,12.540,-59.821
54.658,12.550,-58.629
54.276,12.561,-57.481
53.875,12.571,-56.264
53.363,12.581,-55.079
52.806,12.590,-53.793
52.200,12.590,-52.525
51.578,12.590,-51.232
50.924,12.590,-49.954
50.266,12.590,-48.675
49.581,12.590,-47.415
48.908,12.589,-46.192
48.188,12.584,-44.997
47.458,12.579,-43.795
46.684,12.574,-42.616
45.890,12.569,-41.415
45.067,12.559,-40.226
44.221,12.549,-39.006
43.369,12.539,-37.793
42.519,12.529,-36.586
41.660,12.519,-35.388
40.803,12.508,-34.198
39.935,12.493,-33.023
39.084,12.479,-31.879
38.202,12.469,-30.760
37.319,12.459,-29.648
36.402,12.449,-28.561
35.472,12.439,-27.465
34.513,12.429,-26.386
33.527,12.419,-25.279
32.535,12.409,-24.178
31.544,12.399,-23.082
30.543,12.389,-21.993
29.536,12.379,-20.897
28.527,12.369,-19.810
27.539,12.359,-18.750
26.534,12.349,-17.711
25.538,12.338,-16.691
24.514,12.323,-15.696
23.483,12.308,-14.702
22.425,12.293,-13.731
21.348,12.278,-12.746
20.254,12.268,-11.774
19.148,12.258,-10.795
18.034,12.243,-9.823
16.911,12.228,-8.846
15.785,12.213,-7.874
14.666,12.197,-6.910
13.546,12.177,-5.961
12.463,12.156,-5.053
11.357,12.131,-4.184
10.272,12.107,-3.343
9.153,12.087,-2.555
8.039,12.067,-1.785
6.877,12.047,-1.069
5.669,12.027,-0.332
4.431,12.012,0.374
3.158,11.997,1.097
1.871,11.982,1.806
0.563,11.967,2.527
-0.747,11.947,3.244
-2.059,11.927,3.962
-3.373,11.907,4.679
-4.690,11.886,5.397
-6.008,11.861,6.116
-7.333,11.837,6.840
-8.653,11.817,7.568
-9.958,11.797,8.286
-11.267,11.777,9.000
-12.583,11.757,9.718
-13.900,11.737,10.436
-15.220,11.717,11.157
-16.537,11.697,11.878
-17.844,11.677,12.592
-19.152,11.657,13.301
-20.456,11.636,14.005
-21.761,11.611,14.700
-23.052,11.588,15.382
-24.352,11.573,16.047
-25.644,11.557,16.703
-26.952,11.537,17.337
-28.276,11.517,17.977
-29.608,11.497,18.604
-30.944,11.477,19.230
-32.288,11.457,19.845
-33.651,11.437,20.469
-35.016,11.417,21.094
-36.386,11.397,21.722
-37.752,11.377,22.353
-39.105,11.358,22.976
-40.461,11.343,23.595
-41.829,11.328,24.219
-43.195,11.308,24.845
-44.559,11.288,25.469
-45.922,11.268,26.094
-47.286,11.248,26.718
-48.649,11.228,27.342
-50.010,11.208,27.965
-51.371,11.188,28.586
-52.722,11.168,29.201
-54.078,11.148,29.810
-55.440,11.128,30.421
-56.803,11.108,31.028
-58.164,11.088,31.633
-59.527,11.068,32.232
-60.883,11.048,32.828
-62.246,11.034,33.416
-63.623,11.019,34.010
-65.001,11.004,34.603
-66.378,10.989,35.197
-67.755,10.974,35.791
-69.133,10.958,36.385
-70.510,10.938,36.979
-71.887,10.918,37.573
-73.265,10.898,38.166
-74.642,10.878,38.760
-76.019,10.853,39.354
-77.396,10.828,39.948
-78.774,10.809,40.542
-80.158,10.789,41.139
-81.540,10.774,41.740
-82.925,10.759,42.343
-84.308,10.744,42.951
-85.697,10.729,43.563
-87.082,10.714,44.185
-88.466,10.699,44.807
-89.846,10.679,45.439
-91.225,10.659,46.071
-92.600,10.639,46.713
-93.966,10.619,47.351
-95.329,10.599,47.992
-96.686,10.579,48.631
-98.043,10.564,49.269
-99.400,10.549,49.908
-100.757,10.529,50.547
-102.114,10.509,51.185
-103.471,10.489,51.824
-104.828,10.469,52.463
-106.186,10.454,53.101
-107.553,10.439,53.745
-108.917,10.419,54.394
-110.297,10.399,55.052
-111.670,10.384,55.726
-113.077,10.369,56.418
-114.465,10.354,57.148
-115.877,10.339,57.895
-117.259,10.319,58.694
-118.627,10.299,59.490
-119.967,10.279,60.328
-121.274,10.259,61.147
-122.566,10.244,61.988
-123.841,10.229,62.818
-125.108,10.214,63.660
-126.349,10.199,64.483
-127.593,10.185,65.301
-128.856,10.170,66.132
-130.114,10.155,66.967
-131.364,10.140,67.797
-132.614,10.125,68.627
-133.878,10.110,69.467
-135.137,10.095,70.316
-136.441,10.079,71.198
-137.728,10.059,72.125
-139.134,10.039,73.158
-140.470,10.024,74.338
-141.856,10.009,75.642
-143.090,9.998,77.164
-144.225,9.987,78.737
-145.145,9.977,80.436
-145.920,9.967,82.047
-146.550,9.956,83.664
-147.105,9.946,85.174
-147.608,9.936,86.670
-148.087,9.928,88.121
-148.555,9.923,89.570
-149.017,9.918,91.013
-149.475,9.913,92.463
-149.929,9.910,93.922
-150.374,9.910,95.392
-150.812,9.910,96.877
-151.232,9.910,98.371
-151.639,9.910,99.876
-152.023,9.910,101.379
-152.394,9.910,102.874
-152.746,9.910,104.362
-153.092,9.910,105.831
-153.435,9.910,107.304
-153.775,9.910,108.781
-154.107,9.910,110.250
-154.438,9.910,111.705
-154.773,9.910,113.163
-155.108,9.910,114.627
-155.442,9.910,116.089
-155.777,9.910,117.550
-156.112,9.910,119.010
-156.447,9.912,120.470
-156.784,9.917,121.931
-157.120,9.920,123.395
-157.456,9.920,124.858
-157.791,9.920,126.320
-158.126,9.920,127.779
-158.462,9.920,129.232
-158.802,9.920,130.692
-159.142,9.920,132.161
-159.478,9.920,133.628
-159.814,9.920,135.090
-160.149,9.920,136.552
-160.485,9.920,138.014
-160.819,9.920,139.472
-161.155,9.920,140.926
-161.495,9.920,142.386
-161.835,9.920,143.855
-162.171,9.920,145.321
-162.507,9.922,146.783
-162.842,9.927,148.245
-163.178,9.932,149.707
-163.514,9.937,151.173
-163.849,9.940,152.643
-164.180,9.940,154.106
-164.511,9.940,155.561
-164.846,9.940,157.023
-165.181,9.940,158.493
-165.513,9.940,159.960
-165.844,9.940,161.423
-166.174,9.940,162.883
-166.505,9.942,164.337
-166.840,9.947,165.799
-167.175,9.952,167.269
-167.506,9.957,168.733
-167.837,9.965,170.187
-168.171,9.975,171.645
-168.507,9.982,173.107
-168.842,9.987,174.569
-169.178,9.992,176.031
-169.511,9.997,177.485
-169.848,10.000,178.929
-170.192,10.000,180.380
-170.538,10.000,181.842
-170.882,10.000,183.298
-171.228,9.998,184.748
-171.577,9.993,186.198
-171.928,9.990,187.648
-172.283,9.990,189.105
-172.638,9.988,190.570
-172.990,9.983,192.033
-173.341,9.980,193.494
-173.691,9.980,194.952
-174.040,9.980,196.409
-174.391,9.980,197.866
-174.742,9.980,199.325
-175.092,9.980,200.779
-175.443,9.980,202.230
-175.798,9.980,203.683
-176.153,9.980,205.140
-176.508,9.980,206.594
-176.864,9.980,208.043
-177.220,9.980,209.483
-177.582,9.980,210.912
-177.951,9.980,212.340
-178.328,9.980,213.765
-178.714,9.980,215.194
-179.105,9.977,216.626
-179.502,9.972,218.059
-179.903,9.970,219.495
-180.308,9.970,220.934
-180.714,9.967,222.378
-181.119,9.962,223.819
-181.525,9.960,225.257
-181.935,9.960,226.701
-182.344,9.957,228.149
-182.750,9.952,229.592
-183.156,9.950,231.028
-183.568,9.950,232.472
-183.978,9.945,233.925
-184.384,9.935,235.373
-184.788,9.930,236.815
-185.194,9.930,238.258
-185.600,9.927,239.702
-186.008,9.922,241.151
-186.413,9.920,242.605
-186.815,9.920,244.055
-187.215,9.920,245.501
-187.616,9.920,246.950
-188.016,9.920,248.404
-188.412,9.920,249.854
-188.808,9.920,251.301
-189.202,9.920,252.744
-189.598,9.920,254.183
-189.998,9.920,255.628
-190.398,9.920,257.079
-190.796,9.920,258.530
-191.193,9.920,259.978
-191.588,9.920,261.426
-191.984,9.920,262.873
-192.384,9.920,264.338
-192.777,9.920,265.820
-193.163,9.920,267.313
-193.533,9.920,268.816
-193.896,9.920,270.347
-194.229,9.920,271.903
-194.534,9.920,273.449
-194.813,9.920,274.986
-195.073,9.920,276.516
-195.316,9.917,278.039
-195.545,9.912,279.544
-195.769,9.904,281.037
-195.989,9.894,282.523
-196.209,9.884,284.006
-196.430,9.874,285.494
-196.649,9.867,286.986
-196.864,9.862,288.469
-197.081,9.857,289.946
-197.302,9.852,291.432
-197.520,9.850,292.922
-197.736,9.850,294.409
-197.951,9.850,295.894
-198.169,9.850,297.389
-198.380,9.850,298.891
-198.587,9.850,300.393
-198.789,9.850,301.895
-198.987,9.850,303.408
-199.174,9.850,304.928
-199.353,9.850,306.445
-199.522,9.850,307.961
-199.683,9.850,309.466
-199.841,9.850,310.966
-199.997,9.850,312.466
-200.150,9.850,313.966
-200.300,9.850,315.456
-200.453,9.847,316.941
-200.608,9.842,318.430
-200.763,9.837,319.921
-200.919,9.832,321.418
-201.071,9.830,322.919
-201.221,9.830,324.408
-201.374,9.827,325.892
-201.531,9.822,327.391
-201.681,9.817,328.900
-201.828,9.812,330.410
-201.968,9.810,331.920
-202.106,9.810,333.440
-202.230,9.807,334.966
-202.349,9.802,336.499
-202.450,9.793,338.036
-202.542,9.783,339.558
-202.626,9.777,341.072
-202.707,9.772,342.585
-202.781,9.763,344.100
-202.852,9.753,345.609
-202.919,9.743,347.115
-202.984,9.733,348.611
-203.052,9.727,350.102
-203.122,9.722,351.603
-203.189,9.713,353.109
-203.254,9.703,354.604
-203.322,9.697,356.095
-203.393,9.692,357.596
-203.460,9.683,359.103
-203.525,9.673,360.609
-203.587,9.663,362.116
-203.648,9.653,363.623
-203.705,9.643,365.130
-203.760,9.633,366.631
-203.815,9.623,368.130
-203.870,9.613,369.634
-203.922,9.603,371.141
-203.972,9.593,372.643
-204.022,9.579,374.142
-204.072,9.564,375.641
-204.122,9.549,377.140
-204.173,9.534,378.639
-204.223,9.512,380.138
-204.273,9.487,381.631
-204.326,9.462,383.122
-204.381,9.437,384.624
-204.433,9.412,386.132
-204.483,9.387,387.633
-204.533,9.366,389.131
-204.583,9.346,390.630
-204.633,9.329,392.129
-204.683,9.314,393.623
-204.737,9.299,395.114
-204.792,9.284,396.611
-204.847,9.273,398.109
-204.902,9.263,399.608
-204.957,9.253,401.107
-205.012,9.243,402.600
-205.070,9.233,404.091
-205.130,9.223,405.588
-205.191,9.216,407.087
-205.251,9.211,408.591
-205.307,9.206,410.098
-205.362,9.201,411.593
-205.421,9.196,413.084
-205.481,9.191,414.580
-205.541,9.186,416.079
-205.601,9.181,417.578
-205.661,9.180,419.077
-205.721,9.180,420.576
-205.781,9.176,422.074
-205.842,9.171,423.573
-205.902,9.170,425.072
-205.962,9.170,426.570
-206.022,9.170,428.069
-206.082,9.170,429.556
-206.149,9.170,431.039
-206.218,9.170,432.533
-206.288,9.170,434.031
-206.358,9.170,435.511
-206.438,9.170,436.985
-206.523,9.170,438.477
-206.608,9.170,439.974
-206.693,9.170,441.466
-206.781,9.166,442.955
-206.872,9.161,444.457
-206.958,9.160,445.962
-207.043,9.160,447.455
-207.132,9.160,448.944
-207.222,9.160,450.440
-207.312,9.160,451.937
-207.402,9.160,453.434
-207.493,9.160,454.931
-207.583,9.160,456.435
-207.670,9.156,457.941
-207.755,9.151,459.440
-207.840,9.146,460.938
-207.926,9.141,462.448
-208.004,9.140,463.963
-208.079,9.140,465.464
-208.154,9.140,466.961
-208.230,9.140,468.466
-208.301,9.140,469.972
-208.371,9.140,471.472
-208.442,9.140,472.970
-208.511,9.140,474.462
-208.585,9.136,475.952
-208.661,9.131,477.455
-208.732,9.130,478.962
-208.803,9.130,480.468
-208.869,9.122,481.974
-208.935,9.112,483.481
-208.996,9.102,484.988
-209.057,9.092,486.508
-209.105,9.082,488.031
-209.151,9.072,489.554
-209.184,9.057,491.078
-209.214,9.042,492.595
-209.236,9.027,494.111
-209.256,9.012,495.613
-209.276,8.997,497.113
-209.297,8.982,498.620
-209.312,8.967,500.127
-209.328,8.952,501.642
-209.334,8.933,503.158
-209.339,8.913,504.701
-209.318,8.889,506.249
-209.291,8.864,507.846
-209.204,8.838,509.448
-209.103,8.813,511.087
-208.919,8.788,512.721
-208.720,8.763,514.343
-208.447,8.747,515.950
-208.155,8.732,517.581
-207.773,8.716,519.192
-207.360,8.701,520.856
-206.817,8.686,522.485
-206.235,8.671,524.157
-205.494,8.660,525.760
-204.727,8.650,527.362
-203.805,8.635,528.874
-202.864,8.620,530.376
-201.773,8.605,531.777
-200.687,8.590,533.138
-199.480,8.579,534.400
-198.269,8.569,535.634
-196.957,8.559,536.766
-195.645,8.550,537.866
-194.252,8.544,538.867
-192.842,8.540,539.848
-191.359,8.540,540.721
-189.873,8.540,541.565
-188.320,8.540,542.304
-186.732,8.541,543.021
-185.083,8.546,543.610
-183.427,8.552,544.159
-181.743,8.562,544.572
-180.123,8.573,544.940
-178.503,8.588,545.222
-176.942,8.603,545.480
-175.391,8.618,545.694
-173.896,8.634,545.899
-172.403,8.654,546.100
-170.916,8.673,546.299
-169.428,8.688,546.499
-167.934,8.702,546.699
-166.434,8.712,546.895
-164.915,8.721,547.090
-163.392,8.726,547.268
-161.861,8.730,547.443
-160.322,8.730,547.597
-158.757,8.729,547.745
-157.193,8.724,547.854
-155.649,8.714,547.956
-154.110,8.684,548.034
-152.596,8.651,548.107
-151.082,8.607,548.173
-149.568,8.560,548.237
-148.058,8.505,548.292
-146.569,8.451,548.347
-145.077,8.401,548.407
-143.579,8.356,548.467
-142.080,8.331,548.526
-140.582,8.308,548.586
-139.083,8.298,548.646
-137.584,8.291,548.706
-136.085,8.296,548.766
-134.587,8.302,548.826
-133.088,8.317,548.886
-131.589,8.335,548.945
-130.090,8.364,549.005
-128.583,8.397,549.065
-127.080,8.442,549.120
-125.589,8.487,549.175
-124.098,8.537,549.234
-122.600,8.587,549.294
-121.101,8.637,549.354
-119.595,8.688,549.414
-118.089,8.748,549.469
-116.584,8.807,549.523
-115.077,8.867,549.573
-113.563,8.928,549.623
-112.050,8.998,549.663
-110.545,9.068,549.702
-109.038,9.143,549.738
-107.524,9.218,549.772
-106.012,9.298,549.797
-104.515,9.378,549.822
-103.016,9.457,549.847
-101.511,9.537,549.871
-100.007,9.617,549.891
-98.517,9.696,549.912
-97.026,9.766,549.936
-95.528,9.834,549.961
-94.028,9.894,549.986
-92.522,9.954,550.011
-91.016,10.009,550.031
-89.525,10.064,550.051
-88.034,10.118,550.076
-86.535,10.173,550.101
-85.036,10.223,550.126
-83.537,10.273,550.151
-82.038,10.328,550.176
-80.532,10.382,550.200
-79.025,10.427,550.220
-77.534,10.472,550.240
-76.042,10.517,550.265
-74.543,10.561,550.290
-73.044,10.601,550.315
-71.537,10.641,550.340
-70.030,10.686,550.360
-68.531,10.731,550.380
-67.031,10.776,550.400
-65.524,10.821,550.420
-64.017,10.871,550.435
-62.510,10.921,550.450
-61.003,10.981,550.460
-59.489,11.040,550.470
-57.974,11.105,550.470
-56.476,11.170,550.470
-54.977,11.225,550.470
-53.470,11.280,550.470
-51.963,11.334,550.465
-50.472,11.389,550.460
-48.980,11.434,550.460
-47.473,11.479,550.460
-45.966,11.524,550.455
-44.474,11.569,550.450
-42.983,11.614,550.450
-41.476,11.659,550.450
-39.969,11.704,550.445
-38.477,11.748,550.440
-36.986,11.793,550.440
-35.479,11.838,550.440
-33.972,11.888,550.435
-32.480,11.938,550.430
-30.989,11.988,550.430
-29.483,12.037,550.430
-27.975,12.078,550.425
-26.483,12.118,550.420
-24.991,12.153,550.420
-23.485,12.188,550.420
-21.977,12.218,550.415
-20.477,12.248,550.410
-18.978,12.282,550.405
-17.463,12.317,550.400
-15.948,12.348,550.386
-14.432,12.378,550.371
-12.917,12.407,550.346
-11.409,12.437,550.321
-9.901,12.463,550.292
-8.386,12.488,550.261
-6.871,12.513,550.222
-5.378,12.538,550.182
-3.887,12.563,550.147
-2.381,12.588,550.112
-0.874,12.612,550.072
0.627,12.637,550.033
2.126,12.658,549.993
3.625,12.678,549.953
5.124,12.698,549.913
6.624,12.718,549.873
8.123,12.733,549.833
9.623,12.748,549.793
11.122,12.768,549.753
12.621,12.788,549.713
14.120,12.803,549.673
15.620,12.818,549.634
17.119,12.833,549.594
18.619,12.848,549.554
20.118,12.859,549.514
21.617,12.869,549.474
23.117,12.879,549.434
24.623,12.889,549.394
26.130,12.899,549.349
27.637,12.909,549.304
29.145,12.914,549.255
30.679,12.919,549.204
32.217,12.924,549.131
33.761,12.929,549.054
35.306,12.934,548.951
36.830,12.939,548.844
38.350,12.948,548.725
39.868,12.958,548.603
41.386,12.972,548.469
42.877,12.987,548.334
44.364,13.007,548.204
45.863,13.027,548.074
47.364,13.042,547.940
48.860,13.057,547.805
50.354,13.064,547.670
51.849,13.069,547.535
53.342,13.074,547.400
54.871,13.079,547.262
56.405,13.084,547.102
58.024,13.089,546.925
59.649,13.090,546.667
61.567,13.090,546.322
63.534,13.095,545.631
65.631,13.101,544.665
67.609,13.107,543.081
69.110,13.118,541.381
70.269,13.135,539.539
71.081,13.155,537.831
71.744,13.176,536.234
72.301,13.208,534.686
72.806,13.244,533.223
73.291,13.275,531.780
73.771,13.305,530.346
74.245,13.331,528.912
74.714,13.356,527.488
75.185,13.381,526.067
75.654,13.406,524.649
76.126,13.422,523.234
76.604,13.437,521.805
77.078,13.457,520.371
77.546,13.477,518.953
78.018,13.497,517.540
78.495,13.517,516.113
78.969,13.537,514.682
79.442,13.557,513.255
79.913,13.581,511.829
80.380,13.606,510.412
80.851,13.627,508.999
81.329,13.647,507.572
81.803,13.667,506.141
82.273,13.687,504.720
82.746,13.707,503.302
83.221,13.727,501.876
83.694,13.747,500.447
84.166,13.767,499.023
84.637,13.783,497.599
85.107,13.798,496.179
85.579,13.813,494.761
86.055,13.828,493.334
86.528,13.847,491.906
86.998,13.867,490.487
87.470,13.887,489.072
87.949,13.907,487.643
88.422,13.927,486.209
88.892,13.947,484.785
89.362,13.972,483.364
89.831,13.997,481.946
90.304,14.013,480.531
90.782,14.028,479.101
91.256,14.039,477.667
91.724,14.049,476.250
92.195,14.063,474.837
92.673,14.078,473.410
93.147,14.089,471.979
93.620,14.099,470.552
94.090,14.113,469.125
94.557,14.128,467.709
95.029,14.148,466.296
95.507,14.168,464.868
95.981,14.188,463.437
96.451,14.208,462.017
96.923,14.232,460.599
97.399,14.257,459.172
97.872,14.278,457.743
98.344,14.298,456.319
98.815,14.313,454.895
99.285,14.328,453.475
99.757,14.339,452.057
100.233,14.349,450.630
100.706,14.359,449.202
101.175,14.369,447.784
101.648,14.379,446.368
102.125,14.389,444.945
102.600,14.403,443.519
103.071,14.418,442.107
103.548,14.433,440.698
104.030,14.449,439.277
104.511,14.468,437.854
104.989,14.488,436.439
105.471,14.504,435.027
105.955,14.519,433.610
106.440,14.529,432.194
106.930,14.539,430.766
107.414,14.545,429.336
107.891,14.550,427.923
108.374,14.550,426.513
108.863,14.550,425.086
109.347,14.555,423.656
109.830,14.560,422.228
110.309,14.565,420.798
110.792,14.570,419.353
111.262,14.579,417.902
111.733,14.589,416.441
112.185,14.599,414.974
112.632,14.609,413.517
113.065,14.624,412.057
113.496,14.639,410.604
113.917,14.654,409.148
114.335,14.669,407.704
114.751,14.675,406.261
115.166,14.680,404.819
115.582,14.685,403.378
115.997,14.690,401.937
116.412,14.690,400.495
116.828,14.690,399.054
117.243,14.690,397.613
117.659,14.690,396.172
118.074,14.690,394.730
118.489,14.690,393.289
118.905,14.695,391.848
119.320,14.700,390.406
119.735,14.709,388.965
120.150,14.719,387.526
120.566,14.730,386.087
120.983,14.740,384.644
121.400,14.750,383.201
121.815,14.760,381.759
122.230,14.765,380.318
122.650,14.770,378.863
123.060,14.770,377.404
123.469,14.770,375.950
123.872,14.770,374.495
124.279,14.770,373.026
124.671,14.770,371.552
125.062,14.770,370.079
125.439,14.770,368.604
125.810,14.770,367.149
126.181,14.770,365.696
126.554,14.770,364.233
126.922,14.770,362.769
127.286,14.770,361.316
127.652,14.770,359.863
128.018,14.770,358.407
128.384,14.770,356.950
128.748,14.770,355.497
129.114,14.775,354.044
129.481,14.780,352.588
129.846,14.780,351.131
130.211,14.780,349.678
130.576,14.780,348.225
130.943,14.780,346.769
131.308,14.780,345.312
131.673,14.780,343.859
132.039,14.780,342.406
